id,year,set,paper,q_no,marks,type,subject_id,subject,topic_id,topic,subtopic_id,subtopic,in_2027_syllabus,off_syllabus_topic,summary,source_pdf
2007-1,2007,,EC,1,1,MCQ,EC.1,Engineering Mathematics,EC.1.6,Probability and Statistics,EC.1.6.1,"Mean, median, mode, standard deviation",yes,,Variance formula,EC2007.pdf
2007-2,2007,,EC,2,1,MCQ,EC.1,Engineering Mathematics,EC.1.2,Calculus,EC.1.2.3,Evaluation of definite and improper integrals,yes,,Integral of linear function from graph,EC2007.pdf
2007-3,2007,,EC,3,1,MCQ,EC.1,Engineering Mathematics,EC.1.2,Calculus,EC.1.2.8,Taylor series,yes,,Approximation of coth(x) for small x,EC2007.pdf
2007-4,2007,,EC,4,1,MCQ,EC.1,Engineering Mathematics,EC.1.2,Calculus,,,yes,,Limit of sin(θ/2)/θ,EC2007.pdf
2007-5,2007,,EC,5,1,MCQ,EC.1,Engineering Mathematics,EC.1.2,Calculus,,,yes,,Strictly bounded function,EC2007.pdf
2007-6,2007,,EC,6,1,MCQ,EC.1,Engineering Mathematics,EC.1.2,Calculus,EC.1.2.8,Taylor series,yes,,Linear approximation of e^-x,EC2007.pdf
2007-7,2007,,EC,7,1,MCQ,EC.2,"Networks, Signals and Systems",EC.2.2,Sinusoidal Steady State Analysis,EC.2.2.3,Maximum power transfer,yes,,Condition for maximum power transfer,EC2007.pdf
2007-8,2007,,EC,8,1,MCQ,EC.2,"Networks, Signals and Systems",EC.2.3,Time and Frequency Domain Analysis of Linear Circuits,EC.2.3.2,RC circuits,yes,,Identify RC filter type,EC2007.pdf
2007-9,2007,,EC,9,1,MCQ,EC.3,Electronic Devices,EC.3.1,Energy Bands and Carrier Concentration,EC.3.1.3,Equilibrium carrier concentration,yes,,Electron concentration in p-type semiconductor,EC2007.pdf
2007-10,2007,,EC,10,1,MCQ,EC.3,Electronic Devices,EC.3.3,Semiconductor Devices,EC.3.3.1,P-N junction,yes,,Location of peak field in reverse-biased p+n,EC2007.pdf
2007-11,2007,,EC,11,1,MCQ,EC.4,Analog Circuits,EC.4.1,Diode Circuits,EC.4.1.3,Rectifiers,yes,,Correct bridge full-wave rectifier,EC2007.pdf
2007-12,2007,,EC,12,1,MCQ,EC.4,Analog Circuits,EC.4.2,BJT and MOSFET Amplifiers,,,yes,,Transconductance amplifier resistances,EC2007.pdf
2007-13,2007,,EC,13,1,MCQ,EC.5,Digital Circuits,EC.5.1,Number Representations,EC.5.1.2,Integer numbers,yes,,Two's complement addition,EC2007.pdf
2007-14,2007,,EC,14,1,MCQ,EC.5,Digital Circuits,EC.5.2,Combinational Circuits,EC.5.2.1,Boolean algebra,yes,,Minimum NAND gates for AB + CD,EC2007.pdf
2007-15,2007,,EC,15,1,MCQ,EC.2,"Networks, Signals and Systems",EC.2.5,LTI Systems,EC.2.5.6,Poles and zeros,yes,,Non-minimum phase system,EC2007.pdf
2007-16,2007,,EC,16,1,MCQ,EC.2,"Networks, Signals and Systems",EC.2.5,LTI Systems,,,yes,,Final value theorem applicability,EC2007.pdf
2007-17,2007,,EC,17,1,MCQ,EC.7,Communications,EC.7.1,Random Processes,EC.7.1.1,Autocorrelation,yes,,Autocorrelation properties,EC2007.pdf
2007-18,2007,,EC,18,1,MCQ,EC.7,Communications,EC.7.1,Random Processes,EC.7.1.2,Power spectral density,yes,,PSD properties,EC2007.pdf
2007-19,2007,,EC,19,1,MCQ,EC.8,Electromagnetics,EC.8.2,Plane Waves and Properties,,,yes,,Plane wave expression for direction,EC2007.pdf
2007-20,2007,,EC,20,1,MCQ,EC.8,Electromagnetics,EC.8.1,Maxwell's Equations,EC.8.1.1,Differential and integral forms and their interpretation,yes,,Maxwell's equation in integral form,EC2007.pdf
2007-21,2007,,EC,21,2,MCQ,EC.1,Engineering Mathematics,EC.1.1,Linear Algebra,EC.1.1.1,Vector space,yes,,Dimension of span of vectors,EC2007.pdf
2007-22,2007,,EC,22,2,MCQ,EC.1,Engineering Mathematics,EC.1.2,Calculus,EC.1.2.5,Maxima and minima,yes,,Maximum of quadratic on interval,EC2007.pdf
2007-23,2007,,EC,23,2,MCQ,EC.1,Engineering Mathematics,EC.1.6,Probability and Statistics,EC.1.6.8,Joint and conditional probability,yes,,Conditional probability of failing,EC2007.pdf
2007-24,2007,,EC,24,2,MCQ,EC.1,Engineering Mathematics,EC.1.3,Differential Equations,EC.1.3.8,Initial and boundary value problems,yes,,Second-order ODE with boundary conditions,EC2007.pdf
2007-25,2007,,EC,25,2,MCQ,EC.1,Engineering Mathematics,,,,,no,Numerical methods,Newton-Raphson iteration,EC2007.pdf
2007-26,2007,,EC,26,2,MCQ,EC.2,"Networks, Signals and Systems",EC.2.6,Continuous-time Signals,,,yes,,Orthogonality of signals,EC2007.pdf
2007-27,2007,,EC,27,2,MCQ,EC.1,Engineering Mathematics,EC.1.5,Complex Analysis,EC.1.5.6,Residue theorem,yes,,Contour integral over semicircle,EC2007.pdf
2007-28,2007,,EC,28,2,MCQ,EC.2,"Networks, Signals and Systems",EC.2.3,Time and Frequency Domain Analysis of Linear Circuits,EC.2.3.3,RLC circuits,yes,,Bandwidth ratio of series resonant filters,EC2007.pdf
2007-29,2007,,EC,29,2,MCQ,EC.2,"Networks, Signals and Systems",EC.2.1,Circuit Analysis,EC.2.1.3,Thevenin's theorem,yes,,Thevenin equivalent with dependent source,EC2007.pdf
2007-30,2007,,EC,30,2,MCQ,EC.2,"Networks, Signals and Systems",EC.2.3,Time and Frequency Domain Analysis of Linear Circuits,EC.2.3.2,RC circuits,yes,,Capacitor current in RC circuit,EC2007.pdf
2007-31,2007,,EC,31,2,MCQ,EC.2,"Networks, Signals and Systems",EC.2.2,Sinusoidal Steady State Analysis,EC.2.2.1,Phasors,yes,,Phasor voltage in AC network,EC2007.pdf
2007-32,2007,,EC,32,2,MCQ,EC.3,Electronic Devices,EC.3.3,Semiconductor Devices,EC.3.3.1,P-N junction,yes,,Depletion width vs reverse bias,EC2007.pdf
2007-33,2007,,EC,33,2,MCQ,EC.3,Electronic Devices,EC.3.3,Semiconductor Devices,,,yes,,Bias conditions of pn diode types,EC2007.pdf
2007-34,2007,,EC,34,2,MCQ,EC.3,Electronic Devices,EC.3.3,Semiconductor Devices,EC.3.3.3,BJT,yes,,Base transport factor from β,EC2007.pdf
2007-35,2007,,EC,35,2,MCQ,EC.3,Electronic Devices,EC.3.3,Semiconductor Devices,,,yes,,Match devices to properties,EC2007.pdf
2007-36,2007,,EC,36,2,MCQ,EC.4,Analog Circuits,EC.4.3,Op-amp Circuits,EC.4.3.1,Amplifiers,yes,,Op-amp output voltage,EC2007.pdf
2007-37,2007,,EC,37,2,MCQ,EC.4,Analog Circuits,EC.4.2,BJT and MOSFET Amplifiers,EC.4.2.1,Biasing,yes,,BJT mode of operation,EC2007.pdf
2007-38,2007,,EC,38,2,MCQ,EC.4,Analog Circuits,EC.4.3,Op-amp Circuits,,,yes,,Log amplifier output relation,EC2007.pdf
2007-39,2007,,EC,39,2,MCQ,EC.5,Digital Circuits,EC.5.2,Combinational Circuits,EC.5.2.4,Logic gates and static CMOS implementations,yes,,CMOS inverter current,EC2007.pdf
2007-40,2007,,EC,40,2,MCQ,EC.4,Analog Circuits,EC.4.1,Diode Circuits,,,yes,,Zener regulator output range,EC2007.pdf
2007-41,2007,,EC,41,2,MCQ,EC.5,Digital Circuits,EC.5.2,Combinational Circuits,EC.5.2.2,Minimization using Boolean identities,yes,,Boolean expression minimisation,EC2007.pdf
2007-42,2007,,EC,42,2,MCQ,EC.5,Digital Circuits,EC.5.2,Combinational Circuits,EC.5.2.4,Logic gates and static CMOS implementations,no,Logic families (TTL/DTL),TTL NOT gate transistor modes,EC2007.pdf
2007-43,2007,,EC,43,2,MCQ,EC.5,Digital Circuits,EC.5.2,Combinational Circuits,EC.5.2.7,Multiplexers,yes,,Function from cascaded MUXes,EC2007.pdf
2007-44,2007,,EC,44,2,MCQ,EC.5,Digital Circuits,EC.5.3,Sequential Circuits,EC.5.3.1,Latches and flip-flops,yes,,NAND latch outputs,EC2007.pdf
2007-45,2007,,EC,45,2,MCQ,EC.5,Digital Circuits,EC.5.3,Sequential Circuits,EC.5.3.2,Counters,yes,,Counter state sequence,EC2007.pdf
2007-46,2007,,EC,46,2,MCQ,EC.5,Digital Circuits,EC.5.6,Computer Organization,,,no,8085 microprocessor,8255 interfacing address range,EC2007.pdf
2007-47,2007,,EC,47,2,MCQ,EC.2,"Networks, Signals and Systems",EC.2.6,Continuous-time Signals,EC.2.6.2,Fourier transform,yes,,3-dB bandwidth of exponential signal,EC2007.pdf
2007-48,2007,,EC,48,2,MCQ,EC.2,"Networks, Signals and Systems",EC.2.5,LTI Systems,EC.2.5.1,Definition and properties,yes,,Hilbert transformer properties,EC2007.pdf
2007-49,2007,,EC,49,2,MCQ,EC.2,"Networks, Signals and Systems",EC.2.5,LTI Systems,EC.2.5.4,Impulse response,yes,,Step response from frequency response,EC2007.pdf
2007-50,2007,,EC,50,2,MCQ,EC.2,"Networks, Signals and Systems",EC.2.7,Discrete-time Signals,EC.2.7.1,DTFT,yes,,Integral of DTFT,EC2007.pdf
2007-51,2007,,EC,51,2,MCQ,EC.2,"Networks, Signals and Systems",EC.2.7,Discrete-time Signals,EC.2.7.3,z-transform,yes,,x[0] from z-transform with ROC,EC2007.pdf
2007-52,2007,,EC,52,2,MCQ,EC.6,Control Systems,EC.6.5,Compensators and Controllers,EC.6.5.2,PID controller,yes,,PD controller gains from specs,EC2007.pdf
2007-53,2007,,EC,53,2,MCQ,EC.6,Control Systems,EC.6.2,Time-Domain Analysis,EC.6.2.1,Transient analysis of LTI systems,yes,,Dominant pole approximation,EC2007.pdf
2007-54,2007,,EC,54,2,MCQ,EC.6,Control Systems,EC.6.5,Compensators and Controllers,EC.6.5.1,Compensators,yes,,Lead compensator for stabilisation,EC2007.pdf
2007-55,2007,,EC,55,2,MCQ,EC.6,Control Systems,EC.6.4,Frequency Response and Root Locus,EC.6.4.3,Root-locus plots,yes,,Gain for point on root locus,EC2007.pdf
2007-56,2007,,EC,56,2,MCQ,EC.6,Control Systems,EC.6.4,Frequency Response and Root Locus,EC.6.4.2,Bode plots,yes,,Transfer function from Bode plot,EC2007.pdf
2007-57,2007,,EC,57,2,MCQ,EC.6,Control Systems,EC.6.6,State-Space Analysis,EC.6.6.1,State variable model,yes,,Transfer function of DC motor from state model,EC2007.pdf
2007-58,2007,,EC,58,2,MCQ,EC.7,Communications,EC.7.4,Digital Communications,EC.7.4.2,DPCM,yes,,Reducing slope overload in delta modulation,EC2007.pdf
2007-59,2007,,EC,59,2,MCQ,EC.7,Communications,EC.7.4,Digital Communications,EC.7.4.5,Inter-symbol interference,yes,,Raised-cosine pulse value,EC2007.pdf
2007-60,2007,,EC,60,2,MCQ,EC.7,Communications,EC.7.2,Analog Communications,EC.7.2.1,Amplitude modulation and demodulation,yes,,SSB spectrum via Hilbert transform,EC2007.pdf
2007-61,2007,,EC,61,2,MCQ,EC.1,Engineering Mathematics,EC.1.6,Probability and Statistics,EC.1.6.4,Binomial distribution,yes,,At most one bit error in n bits,EC2007.pdf
2007-62,2007,,EC,62,2,MCQ,EC.7,Communications,EC.7.4,Digital Communications,,,no,Multiple access (TDMA/CDMA),GSM TDMA channels per cell,EC2007.pdf
2007-63,2007,,EC,63,2,MCQ,EC.7,Communications,EC.7.4,Digital Communications,,,no,Multiple access (TDMA/CDMA),DS-CDMA processing gain,EC2007.pdf
2007-64,2007,,EC,64,2,MCQ,EC.8,Electromagnetics,EC.8.4,Waveguides,EC.8.4.1,Rectangular waveguides,yes,,Wave impedance of TE20 mode,EC2007.pdf
2007-65,2007,,EC,65,2,MCQ,EC.8,Electromagnetics,EC.8.1,Maxwell's Equations,EC.8.1.4,Poynting vector,yes,,Average power density of plane wave,EC2007.pdf
2007-66,2007,,EC,66,2,MCQ,EC.8,Electromagnetics,EC.8.4,Waveguides,EC.8.4.1,Rectangular waveguides,yes,,Identify waveguide mode,EC2007.pdf
2007-67,2007,,EC,67,2,MCQ,EC.8,Electromagnetics,EC.8.3,Transmission Lines,EC.8.3.5,S-parameters,yes,,S-matrix of shunt element,EC2007.pdf
2007-68,2007,,EC,68,2,MCQ,EC.8,Electromagnetics,EC.8.3,Transmission Lines,EC.8.3.4,Impedance transformation,yes,,Input reflection coefficient of line network,EC2007.pdf
2007-69,2007,,EC,69,2,MCQ,EC.8,Electromagnetics,EC.8.6,Antennas,EC.8.6.1,Dipole antennas,yes,,Dipole above ground plane pattern,EC2007.pdf
2007-70,2007,,EC,70,2,MCQ,EC.8,Electromagnetics,EC.8.2,Plane Waves and Properties,EC.8.2.1,Reflection and refraction,yes,,Brewster angle: relative permittivity,EC2007.pdf
2007-71,2007,,EC,71,2,MCQ,EC.3,Electronic Devices,EC.3.3,Semiconductor Devices,EC.3.3.4,MOS capacitor,yes,,MOS capacitor oxide thickness,EC2007.pdf
2007-72,2007,,EC,72,2,MCQ,EC.3,Electronic Devices,EC.3.3,Semiconductor Devices,EC.3.3.4,MOS capacitor,yes,,Maximum depletion width,EC2007.pdf
2007-73,2007,,EC,73,2,MCQ,EC.3,Electronic Devices,EC.3.3,Semiconductor Devices,EC.3.3.4,MOS capacitor,yes,,Substrate type and C-V shift,EC2007.pdf
2007-74,2007,,EC,74,2,MCQ,EC.7,Communications,EC.7.4,Digital Communications,EC.7.4.3,"Digital modulation schemes (ASK, PSK, FSK, QAM)",yes,,Constellation average energies,EC2007.pdf
2007-75,2007,,EC,75,2,MCQ,EC.7,Communications,EC.7.4,Digital Communications,EC.7.4.8,SNR and BER,yes,,Symbol error comparison of constellations,EC2007.pdf
2007-76,2007,,EC,76,2,MCQ,EC.4,Analog Circuits,EC.4.3,Op-amp Circuits,EC.4.3.5,Active filters,yes,,All-pass op-amp transfer function,EC2007.pdf
2007-77,2007,,EC,77,2,MCQ,EC.4,Analog Circuits,EC.4.3,Op-amp Circuits,EC.4.3.5,Active filters,yes,,Phase range of all-pass filter,EC2007.pdf
2007-78,2007,,EC,78,2,MCQ,EC.5,Digital Circuits,EC.5.6,Computer Organization,EC.5.6.1,Machine instructions and addressing modes,no,8085 microprocessor,8085 program: accumulator after ADD,EC2007.pdf
2007-79,2007,,EC,79,2,MCQ,EC.5,Digital Circuits,EC.5.6,Computer Organization,EC.5.6.1,Machine instructions and addressing modes,no,8085 microprocessor,8085 program: flags,EC2007.pdf
2007-80,2007,,EC,80,2,MCQ,EC.6,Control Systems,EC.6.6,State-Space Analysis,EC.6.6.2,Solution of state equation of LTI systems,yes,,Eigenvalue-eigenvector pairs from responses,EC2007.pdf
2007-81,2007,,EC,81,2,MCQ,EC.6,Control Systems,EC.6.6,State-Space Analysis,EC.6.6.2,Solution of state equation of LTI systems,yes,,System matrix from responses,EC2007.pdf
2007-82,2007,,EC,82,2,MCQ,EC.7,Communications,EC.7.4,Digital Communications,EC.7.4.1,PCM,yes,,Quantizer pdf parameters (max entropy),EC2007.pdf
2007-83,2007,,EC,83,2,MCQ,EC.7,Communications,EC.7.4,Digital Communications,EC.7.4.1,PCM,yes,,Signal-to-quantization-noise ratio,EC2007.pdf
2007-84,2007,,EC,84,2,MCQ,EC.5,Digital Circuits,EC.5.4,Data Converters,EC.5.4.3,DACs,yes,,R-2R DAC current,EC2007.pdf
2007-85,2007,,EC,85,2,MCQ,EC.5,Digital Circuits,EC.5.4,Data Converters,EC.5.4.3,DACs,yes,,R-2R DAC output voltage,EC2007.pdf
2008-1,2008,,EC,1,1,MCQ,EC.1,Engineering Mathematics,EC.1.1,Linear Algebra,EC.1.1.5,Eigenvalues and eigenvectors,yes,,Zero eigenvalue implies zero determinant,EC2008.pdf
2008-2,2008,,EC,2,1,MCQ,EC.1,Engineering Mathematics,EC.1.1,Linear Algebra,EC.1.1.7,Solution of linear equations - existence and uniqueness,yes,,Consistency of linear system,EC2008.pdf
2008-3,2008,,EC,3,1,MCQ,EC.1,Engineering Mathematics,EC.1.5,Complex Analysis,,,yes,,Solutions of sin z = 10,EC2008.pdf
2008-4,2008,,EC,4,1,MCQ,EC.1,Engineering Mathematics,EC.1.2,Calculus,EC.1.2.5,Maxima and minima,yes,,Minimum of e^x + e^-x,EC2008.pdf
2008-5,2008,,EC,5,1,MCQ,EC.1,Engineering Mathematics,EC.1.2,Calculus,EC.1.2.8,Taylor series,yes,,Taylor series with only odd powers,EC2008.pdf
2008-6,2008,,EC,6,1,MCQ,EC.1,Engineering Mathematics,EC.1.3,Differential Equations,EC.1.3.1,Linear differential equations,yes,,Solution of first-order ODE,EC2008.pdf
2008-7,2008,,EC,7,1,MCQ,EC.2,"Networks, Signals and Systems",EC.2.1,Circuit Analysis,,,no,Network graph theory,Number of trees and cut-sets of graph,EC2008.pdf
2008-8,2008,,EC,8,1,MCQ,EC.2,"Networks, Signals and Systems",EC.2.3,Time and Frequency Domain Analysis of Linear Circuits,EC.2.3.1,RL circuits,yes,,di/dt at t=0+ in RL circuit,EC2008.pdf
2008-9,2008,,EC,9,1,MCQ,EC.2,"Networks, Signals and Systems",EC.2.5,LTI Systems,EC.2.5.2,Causality,yes,,Identify causal system,EC2008.pdf
2008-10,2008,,EC,10,1,MCQ,EC.2,"Networks, Signals and Systems",EC.2.5,LTI Systems,EC.2.5.3,Stability,yes,,Stability of two-sided impulse response,EC2008.pdf
2008-11,2008,,EC,11,1,MCQ,EC.2,"Networks, Signals and Systems",EC.2.5,LTI Systems,EC.2.5.6,Poles and zeros,yes,,Filter type from pole-zero plot,EC2008.pdf
2008-12,2008,,EC,12,1,MCQ,EC.6,Control Systems,EC.6.2,Time-Domain Analysis,EC.6.2.1,Transient analysis of LTI systems,yes,,Poles with equal overshoot,EC2008.pdf
2008-13,2008,,EC,13,1,MCQ,EC.3,Electronic Devices,EC.3.3,Semiconductor Devices,EC.3.3.1,P-N junction,yes,,Capacitances not associated with pn junction,EC2008.pdf
2008-14,2008,,EC,14,1,MCQ,EC.3,Electronic Devices,EC.3.1,Energy Bands and Carrier Concentration,EC.3.1.2,Energy bands in intrinsic and extrinsic semiconductors,yes,,Wafer doping type (p+ substrate),EC2008.pdf
2008-15,2008,,EC,15,1,MCQ,EC.8,Electromagnetics,EC.8.6,Antennas,EC.8.6.1,Dipole antennas,yes,,HPBW of Hertz dipole,EC2008.pdf
2008-16,2008,,EC,16,1,MCQ,EC.8,Electromagnetics,EC.8.1,Maxwell's Equations,EC.8.1.1,Differential and integral forms and their interpretation,yes,,Maxwell's equations for static fields,EC2008.pdf
2008-17,2008,,EC,17,1,MCQ,EC.4,Analog Circuits,EC.4.1,Diode Circuits,EC.4.1.1,Clipping,yes,,Limiter circuit output range,EC2008.pdf
2008-18,2008,,EC,18,1,MCQ,EC.3,Electronic Devices,EC.3.3,Semiconductor Devices,,,no,IC fabrication,Dry oxidation rate behaviour,EC2008.pdf
2008-19,2008,,EC,19,1,MCQ,EC.3,Electronic Devices,EC.3.3,Semiconductor Devices,EC.3.3.5,MOSFET,yes,,MOSFET transconductance expression,EC2008.pdf
2008-20,2008,,EC,20,1,MCQ,EC.7,Communications,EC.7.2,Analog Communications,EC.7.2.1,Amplitude modulation and demodulation,yes,,Minimum carrier for envelope detection,EC2008.pdf
2008-21,2008,,EC,21,2,MCQ,EC.2,"Networks, Signals and Systems",EC.2.1,Circuit Analysis,EC.2.1.3,Thevenin's theorem,yes,,Thevenin impedance of RLC network,EC2008.pdf
2008-22,2008,,EC,22,2,MCQ,EC.2,"Networks, Signals and Systems",EC.2.3,Time and Frequency Domain Analysis of Linear Circuits,EC.2.3.3,RLC circuits,yes,,Component values from driving-point impedance,EC2008.pdf
2008-23,2008,,EC,23,2,MCQ,EC.2,"Networks, Signals and Systems",EC.2.3,Time and Frequency Domain Analysis of Linear Circuits,EC.2.3.2,RC circuits,yes,,Capacitor voltage with switched current sources,EC2008.pdf
2008-24,2008,,EC,24,2,MCQ,EC.1,Engineering Mathematics,EC.1.6,Probability and Statistics,EC.1.6.3,Probability distributions,yes,,CDF from triangular PDF,EC2008.pdf
2008-25,2008,,EC,25,2,MCQ,EC.1,Engineering Mathematics,,,,,no,Numerical methods,Newton-Raphson recursion for x = e^-x,EC2008.pdf
2008-26,2008,,EC,26,2,MCQ,EC.1,Engineering Mathematics,EC.1.5,Complex Analysis,EC.1.5.6,Residue theorem,yes,,Residue at double pole,EC2008.pdf
2008-27,2008,,EC,27,2,MCQ,EC.1,Engineering Mathematics,EC.1.1,Linear Algebra,EC.1.1.4,Matrix algebra,yes,,Matrix exponential e^P,EC2008.pdf
2008-28,2008,,EC,28,2,MCQ,EC.1,Engineering Mathematics,EC.1.2,Calculus,EC.1.2.8,Taylor series,yes,,Taylor coefficient about x = π,EC2008.pdf
2008-29,2008,,EC,29,2,MCQ,EC.1,Engineering Mathematics,EC.1.6,Probability and Statistics,EC.1.6.3,Probability distributions,yes,,PDF normalisation constants,EC2008.pdf
2008-30,2008,,EC,30,2,MCQ,EC.1,Engineering Mathematics,EC.1.2,Calculus,EC.1.2.7,"Line, surface and volume integrals",yes,,Line integral along straight segment,EC2008.pdf
2008-31,2008,,EC,31,2,MCQ,EC.2,"Networks, Signals and Systems",EC.2.5,LTI Systems,EC.2.5.4,Impulse response,yes,,"Impulse response from poles, zero and DC gain",EC2008.pdf
2008-32,2008,,EC,32,2,MCQ,EC.2,"Networks, Signals and Systems",EC.2.6,Continuous-time Signals,EC.2.6.2,Fourier transform,yes,,Zeros of Fourier transform of rectangular pulse,EC2008.pdf
2008-33,2008,,EC,33,2,MCQ,EC.2,"Networks, Signals and Systems",EC.2.5,LTI Systems,EC.2.5.5,Convolution,yes,,Discrete convolution: length and y[2],EC2008.pdf
2008-34,2008,,EC,34,2,MCQ,EC.1,Engineering Mathematics,EC.1.2,Calculus,EC.1.2.7,"Line, surface and volume integrals",yes,,Line integral over semicircle,EC2008.pdf
2008-35,2008,,EC,35,2,MCQ,EC.2,"Networks, Signals and Systems",EC.2.5,LTI Systems,EC.2.5.1,Definition and properties,yes,,Linearity and time-invariance matching,EC2008.pdf
2008-36,2008,,EC,36,2,MCQ,EC.7,Communications,EC.7.3,Information Theory,EC.7.3.1,Entropy,yes,,Entropy of equiprobable source,EC2008.pdf
2008-37,2008,,EC,37,2,MCQ,EC.2,"Networks, Signals and Systems",EC.2.7,Discrete-time Signals,EC.2.7.2,DFT,yes,,DFT of circular autocorrelation,EC2008.pdf
2008-38,2008,,EC,38,2,MCQ,EC.6,Control Systems,EC.6.2,Time-Domain Analysis,EC.6.2.1,Transient analysis of LTI systems,yes,,Match transfer functions to step responses,EC2008.pdf
2008-39,2008,,EC,39,2,MCQ,EC.6,Control Systems,EC.6.3,Stability Analysis,EC.6.3.1,Routh-Hurwitz criterion,yes,,Closed-loop stability vs parameter,EC2008.pdf
2008-40,2008,,EC,40,2,MCQ,EC.6,Control Systems,EC.6.6,State-Space Analysis,EC.6.6.1,State variable model,yes,,State equations from signal flow graph,EC2008.pdf
2008-41,2008,,EC,41,2,MCQ,EC.6,Control Systems,EC.6.3,Stability Analysis,EC.6.3.1,Routh-Hurwitz criterion,yes,,Number of RHP poles (Routh),EC2008.pdf
2008-42,2008,,EC,42,2,MCQ,EC.6,Control Systems,EC.6.4,Frequency Response and Root Locus,EC.6.4.1,Frequency response,yes,,Transfer function from resonant peak,EC2008.pdf
2008-43,2008,,EC,43,2,MCQ,EC.6,Control Systems,EC.6.5,Compensators and Controllers,,,yes,,Op-amp compensator/controller identification,EC2008.pdf
2008-44,2008,,EC,44,2,MCQ,EC.4,Analog Circuits,EC.4.2,BJT and MOSFET Amplifiers,EC.4.2.5,Current mirrors,yes,,Current relation in MOS current mirror,EC2008.pdf
2008-45,2008,,EC,45,2,MCQ,EC.3,Electronic Devices,EC.3.3,Semiconductor Devices,EC.3.3.5,MOSFET,yes,,gm vs VG in linear region,EC2008.pdf
2008-46,2008,,EC,46,2,MCQ,EC.4,Analog Circuits,EC.4.3,Op-amp Circuits,EC.4.3.1,Amplifiers,yes,,Op-amp with diode feedback: output,EC2008.pdf
2008-47,2008,,EC,47,2,MCQ,EC.4,Analog Circuits,EC.4.3,Op-amp Circuits,EC.4.3.5,Active filters,yes,,Op-amp filter type,EC2008.pdf
2008-48,2008,,EC,48,2,MCQ,EC.4,Analog Circuits,EC.4.2,BJT and MOSFET Amplifiers,EC.4.2.3,Small signal analysis,yes,,Equivalent gm of cascode pair,EC2008.pdf
2008-49,2008,,EC,49,2,MCQ,EC.5,Digital Circuits,EC.5.6,Computer Organization,EC.5.6.1,Machine instructions and addressing modes,no,8085 microprocessor,8085 PCHL instruction result,EC2008.pdf
2008-50,2008,,EC,50,2,MCQ,EC.4,Analog Circuits,EC.4.3,Op-amp Circuits,,,no,Multivibrators and 555 timer,555 astable capacitor voltage range,EC2008.pdf
2008-51,2008,,EC,51,2,MCQ,EC.3,Electronic Devices,EC.3.1,Energy Bands and Carrier Concentration,EC.3.1.3,Equilibrium carrier concentration,yes,,Fermi level shift with boron doping,EC2008.pdf
2008-52,2008,,EC,52,2,MCQ,EC.3,Electronic Devices,EC.3.3,Semiconductor Devices,,,no,JFET,JFET transconductance vs width,EC2008.pdf
2008-53,2008,,EC,53,2,MCQ,EC.4,Analog Circuits,EC.4.3,Op-amp Circuits,EC.4.3.6,Schmitt trigger,yes,,Schmitt trigger threshold voltages,EC2008.pdf
2008-54,2008,,EC,54,2,MCQ,EC.5,Digital Circuits,EC.5.2,Combinational Circuits,EC.5.2.4,Logic gates and static CMOS implementations,yes,,CMOS logic function,EC2008.pdf
2008-55,2008,,EC,55,2,MCQ,EC.3,Electronic Devices,EC.3.3,Semiconductor Devices,EC.3.3.2,Zener diode,yes,,Zener effect and tunnelling assertions,EC2008.pdf
2008-56,2008,,EC,56,2,MCQ,EC.5,Digital Circuits,EC.5.1,Number Representations,EC.5.1.2,Integer numbers,yes,,Signed 2's complement subtraction,EC2008.pdf
2008-57,2008,,EC,57,2,MCQ,EC.5,Digital Circuits,EC.5.2,Combinational Circuits,EC.5.2.1,Boolean algebra,yes,,Boolean relation of gate circuit,EC2008.pdf
2008-58,2008,,EC,58,2,MCQ,EC.5,Digital Circuits,EC.5.2,Combinational Circuits,EC.5.2.7,Multiplexers,yes,,Output of 4:1 MUX circuit,EC2008.pdf
2008-59,2008,,EC,59,2,MCQ,EC.5,Digital Circuits,EC.5.3,Sequential Circuits,EC.5.3.2,Counters,yes,,JK flip-flop ripple output waveform,EC2008.pdf
2008-60,2008,,EC,60,2,MCQ,EC.5,Digital Circuits,EC.5.3,Sequential Circuits,EC.5.3.1,Latches and flip-flops,yes,,Latch output behaviour at clock transition,EC2008.pdf
2008-61,2008,,EC,61,2,MCQ,EC.8,Electromagnetics,EC.8.4,Waveguides,EC.8.4.1,Rectangular waveguides,yes,,Minimum frequency for TE11 mode,EC2008.pdf
2008-62,2008,,EC,62,2,MCQ,EC.8,Electromagnetics,EC.8.3,Transmission Lines,EC.8.3.4,Impedance transformation,yes,,Input impedance of shorted line,EC2008.pdf
2008-63,2008,,EC,63,2,MCQ,EC.8,Electromagnetics,EC.8.2,Plane Waves and Properties,EC.8.2.1,Reflection and refraction,yes,,Reflection coefficient at dielectric,EC2008.pdf
2008-64,2008,,EC,64,2,MCQ,EC.8,Electromagnetics,EC.8.5,Optical Fibers,EC.8.5.1,Light propagation in optical fibers,yes,,Single-mode fibre condition,EC2008.pdf
2008-65,2008,,EC,65,2,MCQ,EC.8,Electromagnetics,EC.8.6,Antennas,,,yes,,Gain of parabolic dish,EC2008.pdf
2008-66,2008,,EC,66,2,MCQ,EC.7,Communications,EC.7.1,Random Processes,EC.7.1.4,Filtering of random signals through LTI systems,yes,,Noise power at RC filter output,EC2008.pdf
2008-67,2008,,EC,67,2,MCQ,EC.7,Communications,EC.7.4,Digital Communications,EC.7.4.9,Fundamentals of error correction,yes,,Error probability with repetition code,EC2008.pdf
2008-68,2008,,EC,68,2,MCQ,EC.7,Communications,EC.7.4,Digital Communications,EC.7.4.1,PCM,yes,,TDM minimum bandwidth,EC2008.pdf
2008-69,2008,,EC,69,2,MCQ,EC.7,Communications,EC.7.2,Analog Communications,EC.7.2.2,Angle modulation and demodulation,yes,,FM modulation index,EC2008.pdf
2008-70,2008,,EC,70,2,MCQ,EC.7,Communications,EC.7.2,Analog Communications,,,yes,,Identify AM/FM from signal,EC2008.pdf
2008-71,2008,,EC,71,2,MCQ,EC.7,Communications,EC.7.4,Digital Communications,EC.7.4.1,PCM,yes,,PCM minimum bandwidth,EC2008.pdf
2008-72,2008,,EC,72,2,MCQ,EC.7,Communications,EC.7.4,Digital Communications,EC.7.4.1,PCM,yes,,Signal to quantization noise ratio,EC2008.pdf
2008-73,2008,,EC,73,2,MCQ,EC.7,Communications,EC.7.4,Digital Communications,EC.7.4.1,PCM,yes,,Quantization levels to reduce noise,EC2008.pdf
2008-74,2008,,EC,74,2,MCQ,EC.2,"Networks, Signals and Systems",EC.2.3,Time and Frequency Domain Analysis of Linear Circuits,EC.2.3.3,RLC circuits,yes,,RLC impulse response: capacitor voltage,EC2008.pdf
2008-75,2008,,EC,75,2,MCQ,EC.2,"Networks, Signals and Systems",EC.2.3,Time and Frequency Domain Analysis of Linear Circuits,EC.2.3.3,RLC circuits,yes,,RLC impulse response: resistor voltage,EC2008.pdf
2008-76,2008,,EC,76,2,MCQ,EC.2,"Networks, Signals and Systems",EC.2.4,Two-Port Networks and Transformations,EC.2.4.1,Linear 2-port network parameters,yes,,Z-parameters from measurements,EC2008.pdf
2008-77,2008,,EC,77,2,MCQ,EC.2,"Networks, Signals and Systems",EC.2.4,Two-Port Networks and Transformations,EC.2.4.1,Linear 2-port network parameters,yes,,h-parameters from measurements,EC2008.pdf
2008-78,2008,,EC,78,2,MCQ,EC.2,"Networks, Signals and Systems",EC.2.7,Discrete-time Signals,EC.2.7.3,z-transform,yes,,Samples of RC discharge,EC2008.pdf
2008-79,2008,,EC,79,2,MCQ,EC.2,"Networks, Signals and Systems",EC.2.7,Discrete-time Signals,EC.2.7.3,z-transform,yes,,z-transform and ROC of sampled signal,EC2008.pdf
2008-80,2008,,EC,80,2,MCQ,EC.4,Analog Circuits,EC.4.2,BJT and MOSFET Amplifiers,EC.4.2.1,Biasing,yes,,BJT DC emitter current,EC2008.pdf
2008-81,2008,,EC,81,2,MCQ,EC.4,Analog Circuits,EC.4.2,BJT and MOSFET Amplifiers,EC.4.2.3,Small signal analysis,yes,,Mid-band voltage gain,EC2008.pdf
2008-82,2008,,EC,82,2,MCQ,EC.5,Digital Circuits,EC.5.4,Data Converters,EC.5.4.2,ADCs,yes,,Counter-type ADC reading,EC2008.pdf
2008-83,2008,,EC,83,2,MCQ,EC.5,Digital Circuits,EC.5.4,Data Converters,EC.5.4.2,ADCs,yes,,ADC quantization error,EC2008.pdf
2008-84,2008,,EC,84,2,MCQ,EC.2,"Networks, Signals and Systems",EC.2.5,LTI Systems,EC.2.5.7,Frequency response,yes,,Frequency response of first-order system,EC2008.pdf
2008-85,2008,,EC,85,2,MCQ,EC.2,"Networks, Signals and Systems",EC.2.5,LTI Systems,EC.2.5.7,Frequency response,yes,,Output for sinusoidal input,EC2008.pdf
2009-1,2009,,EC,1,1,MCQ,EC.1,Engineering Mathematics,EC.1.3,Differential Equations,,,yes,,Order of differential equation,EC2009.pdf
2009-2,2009,,EC,2,1,MCQ,EC.2,"Networks, Signals and Systems",EC.2.6,Continuous-time Signals,EC.2.6.1,Fourier series,yes,,Fourier series of even/odd functions,EC2009.pdf
2009-3,2009,,EC,3,1,MCQ,EC.2,"Networks, Signals and Systems",EC.2.6,Continuous-time Signals,EC.2.6.1,Fourier series,yes,,Frequency components of sin²t + cos2t,EC2009.pdf
2009-4,2009,,EC,4,1,MCQ,EC.2,"Networks, Signals and Systems",EC.2.2,Sinusoidal Steady State Analysis,,,yes,,Energy delivered by battery,EC2009.pdf
2009-5,2009,,EC,5,1,MCQ,EC.3,Electronic Devices,EC.3.1,Energy Bands and Carrier Concentration,EC.3.1.3,Equilibrium carrier concentration,yes,,Concentrations in n-type silicon,EC2009.pdf
2009-6,2009,,EC,6,1,MCQ,EC.5,Digital Circuits,EC.5.2,Combinational Circuits,EC.5.2.4,Logic gates and static CMOS implementations,no,Logic families (TTL/DTL),Full forms of TTL and CMOS,EC2009.pdf
2009-7,2009,,EC,7,1,MCQ,EC.2,"Networks, Signals and Systems",EC.2.7,Discrete-time Signals,EC.2.7.3,z-transform,yes,,ROC of two-sided z-transform,EC2009.pdf
2009-8,2009,,EC,8,1,MCQ,EC.6,Control Systems,EC.6.5,Compensators and Controllers,EC.6.5.1,Compensators,yes,,Compensator type from magnitude plot,EC2009.pdf
2009-9,2009,,EC,9,1,MCQ,EC.7,Communications,EC.7.1,Random Processes,EC.7.1.4,Filtering of random signals through LTI systems,yes,,Output power of filtered white noise,EC2009.pdf
2009-10,2009,,EC,10,1,MCQ,EC.8,Electromagnetics,EC.8.4,Waveguides,,,yes,,Cutoff of coaxial/cylindrical/rectangular guides,EC2009.pdf
2009-11,2009,,EC,11,1,MCQ,EC.1,Engineering Mathematics,EC.1.6,Probability and Statistics,EC.1.6.2,Combinatorial probability,yes,,Only first two tosses are heads,EC2009.pdf
2009-12,2009,,EC,12,1,MCQ,EC.7,Communications,EC.7.1,Random Processes,EC.7.1.1,Autocorrelation,yes,,Autocorrelation shape for sinc² PSD,EC2009.pdf
2009-13,2009,,EC,13,1,MCQ,EC.1,Engineering Mathematics,EC.1.5,Complex Analysis,EC.1.5.3,Cauchy's integral formula,yes,,Contour integral on unit circle,EC2009.pdf
2009-14,2009,,EC,14,1,MCQ,EC.2,"Networks, Signals and Systems",EC.2.1,Circuit Analysis,,,yes,,Current source value with ideal sources,EC2009.pdf
2009-15,2009,,EC,15,1,MCQ,EC.3,Electronic Devices,EC.3.2,Carrier Transport,EC.3.2.1,Diffusion current,yes,,Units of mobility/diffusion ratio,EC2009.pdf
2009-16,2009,,EC,16,1,MCQ,EC.5,Digital Circuits,EC.5.6,Computer Organization,,,no,8085 microprocessor,Interrupt type classification,EC2009.pdf
2009-17,2009,,EC,17,1,MCQ,EC.2,"Networks, Signals and Systems",EC.2.3,Time and Frequency Domain Analysis of Linear Circuits,EC.2.3.2,RC circuits,yes,,Load resistance from transfer function,EC2009.pdf
2009-18,2009,,EC,18,1,MCQ,EC.6,Control Systems,EC.6.6,State-Space Analysis,EC.6.6.1,State variable model,yes,,Controllability of state model,EC2009.pdf
2009-19,2009,,EC,19,1,MCQ,EC.7,Communications,EC.7.2,Analog Communications,EC.7.2.1,Amplitude modulation and demodulation,yes,,Identify SSB signal,EC2009.pdf
2009-20,2009,,EC,20,1,MCQ,EC.8,Electromagnetics,EC.8.1,Maxwell's Equations,,,no,Magnetostatics,Magnetic field of two current-carrying wires,EC2009.pdf
2009-21,2009,,EC,21,2,MCQ,EC.1,Engineering Mathematics,EC.1.6,Probability and Statistics,EC.1.6.8,Joint and conditional probability,yes,,Conditional probability of discrete RVs,EC2009.pdf
2009-22,2009,,EC,22,2,MCQ,EC.1,Engineering Mathematics,EC.1.2,Calculus,EC.1.2.8,Taylor series,yes,,Taylor series of sin x/(x-π),EC2009.pdf
2009-23,2009,,EC,23,2,MCQ,EC.1,Engineering Mathematics,EC.1.4,Vector Analysis,EC.1.4.4,"Gauss's, Green's and Stokes' theorems",yes,,Stokes' theorem relation,EC2009.pdf
2009-24,2009,,EC,24,2,MCQ,EC.2,"Networks, Signals and Systems",EC.2.5,LTI Systems,,,yes,,Laplace transform of integral,EC2009.pdf
2009-25,2009,,EC,25,2,MCQ,EC.1,Engineering Mathematics,EC.1.3,Differential Equations,,,yes,,Families of solution curves of ODEs,EC2009.pdf
2009-26,2009,,EC,26,2,MCQ,EC.1,Engineering Mathematics,EC.1.1,Linear Algebra,EC.1.1.5,Eigenvalues and eigenvectors,yes,,Eigenvalues of 3x3 matrix,EC2009.pdf
2009-27,2009,,EC,27,2,MCQ,EC.2,"Networks, Signals and Systems",EC.2.2,Sinusoidal Steady State Analysis,EC.2.2.2,Complex power,yes,,Reactive power consumed by load,EC2009.pdf
2009-28,2009,,EC,28,2,MCQ,EC.2,"Networks, Signals and Systems",EC.2.3,Time and Frequency Domain Analysis of Linear Circuits,EC.2.3.2,RC circuits,yes,,Capacitor network transient current,EC2009.pdf
2009-29,2009,,EC,29,2,MCQ,EC.2,"Networks, Signals and Systems",EC.2.2,Sinusoidal Steady State Analysis,EC.2.2.3,Maximum power transfer,yes,,RL for maximum power with dependent source,EC2009.pdf
2009-30,2009,,EC,30,2,MCQ,EC.2,"Networks, Signals and Systems",EC.2.3,Time and Frequency Domain Analysis of Linear Circuits,EC.2.3.1,RL circuits,yes,,Steady-state RL current,EC2009.pdf
2009-31,2009,,EC,31,2,MCQ,EC.4,Analog Circuits,EC.4.1,Diode Circuits,,,yes,,Diode circuit voltage (min/max),EC2009.pdf
2009-32,2009,,EC,32,2,MCQ,EC.3,Electronic Devices,EC.3.3,Semiconductor Devices,EC.3.3.5,MOSFET,yes,,MOSFET inversion charge and channel potential,EC2009.pdf
2009-33,2009,,EC,33,2,MCQ,EC.4,Analog Circuits,EC.4.3,Op-amp Circuits,EC.4.3.7,Oscillators,yes,,Astable multivibrator dependence on R2,EC2009.pdf
2009-34,2009,,EC,34,2,MCQ,EC.4,Analog Circuits,EC.4.3,Op-amp Circuits,EC.4.3.1,Amplifiers,yes,,Op-amp with BJT: feedback type and output,EC2009.pdf
2009-35,2009,,EC,35,2,MCQ,EC.4,Analog Circuits,EC.4.2,BJT and MOSFET Amplifiers,EC.4.2.4,Frequency response,yes,,BJT amplifier output for two-tone input,EC2009.pdf
2009-36,2009,,EC,36,2,MCQ,EC.5,Digital Circuits,EC.5.2,Combinational Circuits,EC.5.2.2,Minimization using Boolean identities,yes,,Boolean equation solution,EC2009.pdf
2009-37,2009,,EC,37,2,MCQ,EC.5,Digital Circuits,EC.5.2,Combinational Circuits,EC.5.2.7,Multiplexers,yes,,Minimum MUXes for AND and XOR,EC2009.pdf
2009-38,2009,,EC,38,2,MCQ,EC.5,Digital Circuits,EC.5.3,Sequential Circuits,EC.5.3.1,Latches and flip-flops,yes,,NAND and NOR latch outputs,EC2009.pdf
2009-39,2009,,EC,39,2,MCQ,EC.5,Digital Circuits,EC.5.3,Sequential Circuits,EC.5.3.2,Counters,yes,,JK flip-flop counter states,EC2009.pdf
2009-40,2009,,EC,40,2,MCQ,EC.2,"Networks, Signals and Systems",EC.2.7,Discrete-time Signals,EC.2.7.4,FIR filter design,yes,,FIR filter statements,EC2009.pdf
2009-41,2009,,EC,41,2,MCQ,EC.2,"Networks, Signals and Systems",EC.2.5,LTI Systems,EC.2.5.1,Definition and properties,yes,,Properties of system with given kernel,EC2009.pdf
2009-42,2009,,EC,42,2,MCQ,EC.2,"Networks, Signals and Systems",EC.2.7,Discrete-time Signals,EC.2.7.2,DFT,yes,,4-point DFT,EC2009.pdf
2009-43,2009,,EC,43,2,MCQ,EC.6,Control Systems,EC.6.4,Frequency Response and Root Locus,EC.6.4.3,Root-locus plots,yes,,Root locus for negative gain,EC2009.pdf
2009-44,2009,,EC,44,2,MCQ,EC.2,"Networks, Signals and Systems",EC.2.6,Continuous-time Signals,EC.2.6.4,Sampling and reconstruction,yes,,Sampled output of LTI system,EC2009.pdf
2009-45,2009,,EC,45,2,MCQ,EC.6,Control Systems,EC.6.2,Time-Domain Analysis,EC.6.2.1,Transient analysis of LTI systems,yes,,Second-order system from step response,EC2009.pdf
2009-46,2009,,EC,46,2,MCQ,EC.1,Engineering Mathematics,EC.1.6,Probability and Statistics,EC.1.6.1,"Mean, median, mode, standard deviation",yes,,Mean and variance of discrete RV,EC2009.pdf
2009-47,2009,,EC,47,2,MCQ,EC.7,Communications,EC.7.2,Analog Communications,EC.7.2.1,Amplitude modulation and demodulation,yes,,AM power efficiency,EC2009.pdf
2009-48,2009,,EC,48,2,MCQ,EC.7,Communications,EC.7.3,Information Theory,EC.7.3.4,Channel capacity theorem,yes,,Capacity with doubled SNR,EC2009.pdf
2009-49,2009,,EC,49,2,MCQ,EC.8,Electromagnetics,EC.8.1,Maxwell's Equations,EC.8.1.1,Differential and integral forms and their interpretation,yes,,Current distribution from B field,EC2009.pdf
2009-50,2009,,EC,50,2,MCQ,EC.8,Electromagnetics,EC.8.3,Transmission Lines,EC.8.3.4,Impedance transformation,yes,,Input impedance of branched line,EC2009.pdf
2009-51,2009,,EC,51,2,MCQ,EC.3,Electronic Devices,EC.3.3,Semiconductor Devices,EC.3.3.1,P-N junction,yes,,Built-in potential of pn junction,EC2009.pdf
2009-52,2009,,EC,52,2,MCQ,EC.3,Electronic Devices,EC.3.3,Semiconductor Devices,EC.3.3.1,P-N junction,yes,,Peak electric field in pn junction,EC2009.pdf
2009-53,2009,,EC,53,2,MCQ,EC.6,Control Systems,EC.6.3,Stability Analysis,EC.6.3.2,Nyquist criterion,yes,,Nyquist plot: system property,EC2009.pdf
2009-54,2009,,EC,54,2,MCQ,EC.6,Control Systems,EC.6.4,Frequency Response and Root Locus,EC.6.4.1,Frequency response,yes,,Gain and phase margins,EC2009.pdf
2009-55,2009,,EC,55,2,MCQ,EC.7,Communications,EC.7.4,Digital Communications,EC.7.4.1,PCM,yes,,Quantizer step size from SQNR,EC2009.pdf
2009-56,2009,,EC,56,2,MCQ,EC.7,Communications,EC.7.4,Digital Communications,EC.7.4.1,PCM,yes,,SQNR with non-uniform step sizes,EC2009.pdf
2009-57,2009,,EC,57,2,MCQ,EC.5,Digital Circuits,EC.5.2,Combinational Circuits,EC.5.2.4,Logic gates and static CMOS implementations,yes,,CMOS transistor operating regions,EC2009.pdf
2009-58,2009,,EC,58,2,MCQ,EC.5,Digital Circuits,EC.5.2,Combinational Circuits,EC.5.2.4,Logic gates and static CMOS implementations,yes,,CMOS output voltage,EC2009.pdf
2009-59,2009,,EC,59,2,MCQ,EC.5,Digital Circuits,EC.5.2,Combinational Circuits,EC.5.2.6,Code converters,yes,,7-segment display segment logic,EC2009.pdf
2009-60,2009,,EC,60,2,MCQ,EC.5,Digital Circuits,EC.5.2,Combinational Circuits,EC.5.2.6,Code converters,yes,,Gates needed for 7-segment driver,EC2009.pdf
2010-1,2010,,EC,1,1,MCQ,EC.1,Engineering Mathematics,EC.1.1,Linear Algebra,EC.1.1.5,Eigenvalues and eigenvectors,yes,,Eigenvalues of skew-symmetric matrix,EC2010.pdf
2010-2,2010,,EC,2,1,MCQ,EC.2,"Networks, Signals and Systems",EC.2.6,Continuous-time Signals,EC.2.6.1,Fourier series,yes,,Fourier series terms of waveform,EC2010.pdf
2010-3,2010,,EC,3,1,MCQ,EC.1,Engineering Mathematics,EC.1.3,Differential Equations,EC.1.3.8,Initial and boundary value problems,yes,,ODE with boundary conditions,EC2010.pdf
2010-4,2010,,EC,4,1,MCQ,EC.2,"Networks, Signals and Systems",EC.2.4,Two-Port Networks and Transformations,EC.2.4.1,Linear 2-port network parameters,yes,,Y-parameters of resistive two-port,EC2010.pdf
2010-5,2010,,EC,5,1,MCQ,EC.2,"Networks, Signals and Systems",EC.2.3,Time and Frequency Domain Analysis of Linear Circuits,EC.2.3.3,RLC circuits,yes,,Parallel RLC: incorrect statement,EC2010.pdf
2010-6,2010,,EC,6,1,MCQ,EC.3,Electronic Devices,EC.3.2,Carrier Transport,EC.3.2.3,Mobility and resistivity,yes,,Inversion-layer electron mobility,EC2010.pdf
2010-7,2010,,EC,7,1,MCQ,EC.3,Electronic Devices,EC.3.3,Semiconductor Devices,,,no,IC fabrication,Thin gate oxide growth method,EC2010.pdf
2010-8,2010,,EC,8,1,MCQ,EC.4,Analog Circuits,EC.4.2,BJT and MOSFET Amplifiers,EC.4.2.5,Current mirrors,yes,,BJT current mirror with area ratio,EC2010.pdf
2010-9,2010,,EC,9,1,MCQ,EC.4,Analog Circuits,EC.4.2,BJT and MOSFET Amplifiers,EC.4.2.3,Small signal analysis,yes,,Effect of removing emitter bypass capacitor,EC2010.pdf
2010-10,2010,,EC,10,1,MCQ,EC.4,Analog Circuits,EC.4.3,Op-amp Circuits,EC.4.3.1,Amplifiers,yes,,Op-amp amplifier voltage gain,EC2010.pdf
2010-11,2010,,EC,11,1,MCQ,EC.5,Digital Circuits,EC.5.2,Combinational Circuits,EC.5.2.1,Boolean algebra,yes,,Match equivalent logic gates,EC2010.pdf
2010-12,2010,,EC,12,1,MCQ,EC.5,Digital Circuits,EC.5.2,Combinational Circuits,EC.5.2.1,Boolean algebra,yes,,Input combination for output 1,EC2010.pdf
2010-13,2010,,EC,13,1,MCQ,EC.5,Digital Circuits,EC.5.2,Combinational Circuits,EC.5.2.8,Decoders,no,Memory interfacing,Decoder address range,EC2010.pdf
2010-14,2010,,EC,14,1,MCQ,EC.2,"Networks, Signals and Systems",EC.2.7,Discrete-time Signals,EC.2.7.3,z-transform,yes,,Inverse z-transform of finite sequence,EC2010.pdf
2010-15,2010,,EC,15,1,MCQ,EC.2,"Networks, Signals and Systems",EC.2.5,LTI Systems,EC.2.5.5,Convolution,yes,,Cascade of delay systems,EC2010.pdf
2010-16,2010,,EC,16,1,MCQ,EC.2,"Networks, Signals and Systems",EC.2.7,Discrete-time Signals,EC.2.7.2,DFT,yes,,FFT algorithm statements,EC2010.pdf
2010-17,2010,,EC,17,1,MCQ,EC.6,Control Systems,EC.6.1,System Modelling,EC.6.1.4,Block diagram representation,yes,,Transfer function from block diagram,EC2010.pdf
2010-18,2010,,EC,18,1,MCQ,EC.2,"Networks, Signals and Systems",EC.2.5,LTI Systems,EC.2.5.7,Frequency response,yes,,System parameter from sinusoidal response,EC2010.pdf
2010-19,2010,,EC,19,1,MCQ,EC.6,Control Systems,EC.6.4,Frequency Response and Root Locus,EC.6.4.2,Bode plots,yes,,Transfer function from Bode plot,EC2010.pdf
2010-20,2010,,EC,20,1,MCQ,EC.7,Communications,EC.7.2,Analog Communications,EC.7.2.1,Amplitude modulation and demodulation,yes,,Conventional AM without overmodulation,EC2010.pdf
2010-21,2010,,EC,21,1,MCQ,EC.7,Communications,EC.7.2,Analog Communications,EC.7.2.2,Angle modulation and demodulation,yes,,Average power of angle-modulated signal,EC2010.pdf
2010-22,2010,,EC,22,1,MCQ,EC.8,Electromagnetics,EC.8.3,Transmission Lines,EC.8.3.5,S-parameters,yes,,Lossless/reciprocal from S-matrix,EC2010.pdf
2010-23,2010,,EC,23,1,MCQ,EC.8,Electromagnetics,EC.8.3,Transmission Lines,EC.8.3.1,Transmission line equations,yes,,Attenuation of distortionless line,EC2010.pdf
2010-24,2010,,EC,24,1,MCQ,EC.7,Communications,EC.7.4,Digital Communications,EC.7.4.7,Matched filter receiver,yes,,Matched filter impulse response,EC2010.pdf
2010-25,2010,,EC,25,1,MCQ,EC.8,Electromagnetics,EC.8.1,Maxwell's Equations,EC.8.1.4,Poynting vector,yes,,Time-average power density in dielectric,EC2010.pdf
2010-26,2010,,EC,26,2,MCQ,EC.1,Engineering Mathematics,EC.1.2,Calculus,EC.1.2.5,Maxima and minima,yes,,Maximum of x^(1/x),EC2010.pdf
2010-27,2010,,EC,27,2,MCQ,EC.1,Engineering Mathematics,EC.1.6,Probability and Statistics,EC.1.6.4,Binomial distribution,yes,,More heads than tails in four tosses,EC2010.pdf
2010-28,2010,,EC,28,2,MCQ,EC.1,Engineering Mathematics,EC.1.2,Calculus,EC.1.2.7,"Line, surface and volume integrals",yes,,Line integral around rectangle,EC2010.pdf
2010-29,2010,,EC,29,2,MCQ,EC.1,Engineering Mathematics,EC.1.5,Complex Analysis,EC.1.5.6,Residue theorem,yes,,Residues at poles,EC2010.pdf
2010-30,2010,,EC,30,2,MCQ,EC.1,Engineering Mathematics,,,,,no,Numerical methods,Euler method for ODE,EC2010.pdf
2010-31,2010,,EC,31,2,MCQ,EC.2,"Networks, Signals and Systems",EC.2.5,LTI Systems,,,yes,,Final value theorem: find K,EC2010.pdf
2010-32,2010,,EC,32,2,MCQ,EC.2,"Networks, Signals and Systems",EC.2.3,Time and Frequency Domain Analysis of Linear Circuits,EC.2.3.1,RL circuits,yes,,RL transient current,EC2010.pdf
2010-33,2010,,EC,33,2,MCQ,EC.2,"Networks, Signals and Systems",EC.2.2,Sinusoidal Steady State Analysis,EC.2.2.1,Phasors,yes,,Current in resonant phasor circuit,EC2010.pdf
2010-34,2010,,EC,34,2,MCQ,EC.2,"Networks, Signals and Systems",EC.2.1,Circuit Analysis,EC.2.1.1,Node and mesh analysis,yes,,Power supplied by voltage source,EC2010.pdf
2010-35,2010,,EC,35,2,MCQ,EC.3,Electronic Devices,EC.3.3,Semiconductor Devices,EC.3.3.3,BJT,yes,,BJT doping for high injection efficiency,EC2010.pdf
2010-36,2010,,EC,36,2,MCQ,EC.3,Electronic Devices,EC.3.3,Semiconductor Devices,EC.3.3.1,P-N junction,yes,,Heavily doped junction: breakdown and capacitance,EC2010.pdf
2010-37,2010,,EC,37,2,MCQ,EC.5,Digital Circuits,EC.5.3,Sequential Circuits,EC.5.3.3,Shift registers,yes,,Shift register with XOR feedback: sequence,EC2010.pdf
2010-38,2010,,EC,38,2,MCQ,EC.4,Analog Circuits,EC.4.1,Diode Circuits,,,yes,,Precision rectifier transfer characteristic,EC2010.pdf
2010-39,2010,,EC,39,2,MCQ,EC.5,Digital Circuits,EC.5.2,Combinational Circuits,EC.5.2.7,Multiplexers,yes,,Boolean function of 4:1 MUX circuit,EC2010.pdf
2010-40,2010,,EC,40,2,MCQ,EC.5,Digital Circuits,EC.5.6,Computer Organization,EC.5.6.1,Machine instructions and addressing modes,no,8085 microprocessor,8085 program: accumulator contents,EC2010.pdf
2010-41,2010,,EC,41,2,MCQ,EC.2,"Networks, Signals and Systems",EC.2.5,LTI Systems,,,yes,,LTI response by Laplace transform,EC2010.pdf
2010-42,2010,,EC,42,2,MCQ,EC.2,"Networks, Signals and Systems",EC.2.7,Discrete-time Signals,EC.2.7.3,z-transform,yes,,Stability and causality vs ROC,EC2010.pdf
2010-43,2010,,EC,43,2,MCQ,EC.2,"Networks, Signals and Systems",EC.2.6,Continuous-time Signals,EC.2.6.3,Nyquist sampling theorem,yes,,Nyquist rate of product of sincs,EC2010.pdf
2010-44,2010,,EC,44,2,MCQ,EC.6,Control Systems,EC.6.2,Time-Domain Analysis,EC.6.2.2,Steady-state analysis of LTI systems,yes,,Controller for minimum steady-state error,EC2010.pdf
2010-45,2010,,EC,45,2,MCQ,EC.7,Communications,EC.7.1,Random Processes,EC.7.1.4,Filtering of random signals through LTI systems,yes,,PSD through delay-add-differentiate system,EC2010.pdf
2010-46,2010,,EC,46,2,MCQ,EC.8,Electromagnetics,EC.8.2,Plane Waves and Properties,EC.8.2.1,Reflection and refraction,yes,,Reflected magnetic field at dielectric,EC2010.pdf
2010-47,2010,,EC,47,2,MCQ,EC.8,Electromagnetics,EC.8.3,Transmission Lines,EC.8.3.3,Impedance matching,yes,,VSWR on line with stub and transformer,EC2010.pdf
2010-48,2010,,EC,48,2,MCQ,EC.4,Analog Circuits,EC.4.2,BJT and MOSFET Amplifiers,EC.4.2.3,Small signal analysis,yes,,CE amplifier: resistance seen by source,EC2010.pdf
2010-49,2010,,EC,49,2,MCQ,EC.4,Analog Circuits,EC.4.2,BJT and MOSFET Amplifiers,EC.4.2.4,Frequency response,yes,,Lower cutoff due to coupling capacitor,EC2010.pdf
2010-50,2010,,EC,50,2,MCQ,EC.6,Control Systems,EC.6.6,State-Space Analysis,EC.6.6.1,State variable model,yes,,State model from signal flow graph,EC2010.pdf
2010-51,2010,,EC,51,2,MCQ,EC.6,Control Systems,EC.6.1,System Modelling,EC.6.1.5,Signal flow graph,yes,,Transfer function from signal flow graph,EC2010.pdf
2010-52,2010,,EC,52,2,MCQ,EC.3,Electronic Devices,EC.3.2,Carrier Transport,EC.3.2.2,Drift current,yes,,Electric field in biased silicon bar,EC2010.pdf
2010-53,2010,,EC,53,2,MCQ,EC.3,Electronic Devices,EC.3.2,Carrier Transport,EC.3.2.2,Drift current,yes,,Electron drift current density,EC2010.pdf
2010-54,2010,,EC,54,2,MCQ,EC.7,Communications,EC.7.4,Digital Communications,EC.7.4.8,SNR and BER,yes,,Noise pdf parameter from variance,EC2010.pdf
2010-55,2010,,EC,55,2,MCQ,EC.7,Communications,EC.7.4,Digital Communications,EC.7.4.8,SNR and BER,yes,,Bit error probability with Laplacian noise,EC2010.pdf
2010-56,2010,,GA,56,1,MCQ,GA.1,Verbal Aptitude,GA.1.2,Vocabulary,,,yes,,Closest meaning (circuitous),EC2010.pdf
2010-57,2010,,GA,57,1,MCQ,GA.1,Verbal Aptitude,GA.1.2,Vocabulary,,,yes,,Word-pair analogy,EC2010.pdf
2010-58,2010,,GA,58,1,MCQ,GA.1,Verbal Aptitude,GA.1.2,Vocabulary,,,yes,,Word completion (conserve),EC2010.pdf
2010-59,2010,,GA,59,1,MCQ,GA.1,Verbal Aptitude,GA.1.2,Vocabulary,,,yes,,Word completion (betrayed),EC2010.pdf
2010-60,2010,,GA,60,1,MCQ,GA.2,Quantitative Aptitude,GA.2.2,Arithmetic and Algebra,,,yes,,Set counting (hockey and football),EC2010.pdf
2010-61,2010,,GA,61,2,MCQ,GA.1,Verbal Aptitude,GA.1.3,Reading Comprehension,,,yes,,Passage meaning,EC2010.pdf
2010-62,2010,,GA,62,2,MCQ,GA.3,Analytical Aptitude,GA.3.3,Series and Coding,,,yes,,Arithmetic in different base,EC2010.pdf
2010-63,2010,,GA,63,2,MCQ,GA.2,Quantitative Aptitude,GA.2.2,Arithmetic and Algebra,,,yes,,Work with skilled/unskilled workers,EC2010.pdf
2010-64,2010,,GA,64,2,MCQ,GA.2,Quantitative Aptitude,GA.2.2,Arithmetic and Algebra,,,yes,,Counting 4-digit numbers from digits,EC2010.pdf
2010-65,2010,,GA,65,2,MCQ,GA.3,Analytical Aptitude,GA.3.1,Logical Reasoning,,,yes,,Birth order of siblings,EC2010.pdf
2011-1,2011,,EC,1,1,MCQ,EC.8,Electromagnetics,EC.8.4,Waveguides,EC.8.4.1,Rectangular waveguides,yes,,Existence of TM10/TE10 modes,EC2011.pdf
2011-2,2011,,EC,2,1,MCQ,EC.7,Communications,EC.7.2,Analog Communications,,,yes,,Match modulation schemes to attributes,EC2011.pdf
2011-3,2011,,EC,3,1,MCQ,EC.6,Control Systems,EC.6.2,Time-Domain Analysis,EC.6.2.1,Transient analysis of LTI systems,yes,,Step response of unstable second-order system,EC2011.pdf
2011-4,2011,,EC,4,1,MCQ,EC.6,Control Systems,EC.6.4,Frequency Response and Root Locus,EC.6.4.1,Frequency response,yes,,Nyquist plot of 5 + jω,EC2011.pdf
2011-5,2011,,EC,5,1,MCQ,EC.2,"Networks, Signals and Systems",EC.2.6,Continuous-time Signals,EC.2.6.1,Fourier series,yes,,Fourier series of even function,EC2011.pdf
2011-6,2011,,EC,6,1,MCQ,EC.5,Digital Circuits,EC.5.3,Sequential Circuits,EC.5.3.1,Latches and flip-flops,yes,,Edge detector with D flip-flops,EC2011.pdf
2011-7,2011,,EC,7,1,MCQ,EC.5,Digital Circuits,EC.5.2,Combinational Circuits,EC.5.2.7,Multiplexers,yes,,Logic function of 4:1 MUX,EC2011.pdf
2011-8,2011,,EC,8,1,MCQ,EC.4,Analog Circuits,EC.4.3,Op-amp Circuits,EC.4.3.5,Active filters,yes,,Op-amp filter type with inductor,EC2011.pdf
2011-9,2011,,EC,9,1,MCQ,EC.3,Electronic Devices,EC.3.3,Semiconductor Devices,EC.3.3.1,P-N junction,yes,,Forward voltage temperature coefficient,EC2011.pdf
2011-10,2011,,EC,10,1,MCQ,EC.2,"Networks, Signals and Systems",EC.2.1,Circuit Analysis,EC.2.1.4,Norton's theorem,yes,,Norton current of AC network,EC2011.pdf
2011-11,2011,,EC,11,1,MCQ,EC.2,"Networks, Signals and Systems",EC.2.2,Sinusoidal Steady State Analysis,EC.2.2.3,Maximum power transfer,yes,,RL for maximum power,EC2011.pdf
2011-12,2011,,EC,12,1,MCQ,EC.1,Engineering Mathematics,EC.1.5,Complex Analysis,EC.1.5.2,Cauchy's integral theorem,yes,,Contour integral with poles outside,EC2011.pdf
2011-13,2011,,EC,13,1,MCQ,EC.8,Electromagnetics,EC.8.3,Transmission Lines,EC.8.3.1,Transmission line equations,yes,,Phase velocity on matched line,EC2011.pdf
2011-14,2011,,EC,14,1,MCQ,EC.8,Electromagnetics,EC.8.1,Maxwell's Equations,EC.8.1.4,Poynting vector,yes,,Poynting vector of point source,EC2011.pdf
2011-15,2011,,EC,15,1,MCQ,EC.7,Communications,EC.7.3,Information Theory,EC.7.3.1,Entropy,yes,,Information rate of quantized samples,EC2011.pdf
2011-16,2011,,EC,16,1,MCQ,EC.6,Control Systems,EC.6.4,Frequency Response and Root Locus,EC.6.4.3,Root-locus plots,yes,,Transfer function from root locus,EC2011.pdf
2011-17,2011,,EC,17,1,MCQ,EC.2,"Networks, Signals and Systems",EC.2.7,Discrete-time Signals,EC.2.7.3,z-transform,yes,,Stability and causality of sequence,EC2011.pdf
2011-18,2011,,EC,18,1,MCQ,EC.2,"Networks, Signals and Systems",EC.2.5,LTI Systems,EC.2.5.4,Impulse response,yes,,Impulse response from step response,EC2011.pdf
2011-19,2011,,EC,19,1,MCQ,EC.5,Digital Circuits,EC.5.2,Combinational Circuits,EC.5.2.1,Boolean algebra,yes,,NAND circuit: majority function,EC2011.pdf
2011-20,2011,,EC,20,1,MCQ,EC.4,Analog Circuits,EC.4.2,BJT and MOSFET Amplifiers,EC.4.2.4,Frequency response,yes,,Tuned amplifier gain at resonance,EC2011.pdf
2011-21,2011,,EC,21,1,MCQ,EC.3,Electronic Devices,EC.3.2,Carrier Transport,EC.3.2.2,Drift current,yes,,Drift current dependence,EC2011.pdf
2011-22,2011,,EC,22,1,MCQ,EC.3,Electronic Devices,EC.3.3,Semiconductor Devices,EC.3.3.2,Zener diode,yes,,Zener diode bias region,EC2011.pdf
2011-23,2011,,EC,23,1,MCQ,EC.2,"Networks, Signals and Systems",EC.2.2,Sinusoidal Steady State Analysis,EC.2.2.1,Phasors,yes,,Output of RC network at ω = 1/RC,EC2011.pdf
2011-24,2011,,EC,24,1,MCQ,EC.1,Engineering Mathematics,EC.1.4,Vector Analysis,EC.1.4.4,"Gauss's, Green's and Stokes' theorems",yes,,Divergence theorem with position vector,EC2011.pdf
2011-25,2011,,EC,25,1,MCQ,EC.1,Engineering Mathematics,EC.1.3,Differential Equations,EC.1.3.1,Linear differential equations,yes,,Solution of dy/dx = ky,EC2011.pdf
2011-26,2011,,EC,26,2,MCQ,EC.8,Electromagnetics,EC.8.2,Plane Waves and Properties,EC.8.2.4,Propagation through various media,yes,,Permittivity and amplitude of TEM wave,EC2011.pdf
2011-27,2011,,EC,27,2,MCQ,EC.7,Communications,EC.7.2,Analog Communications,EC.7.2.1,Amplitude modulation and demodulation,yes,,Envelope detector time constant,EC2011.pdf
2011-28,2011,,EC,28,2,MCQ,EC.6,Control Systems,EC.6.6,State-Space Analysis,EC.6.6.1,State variable model,yes,,State model of one-input two-output system,EC2011.pdf
2011-29,2011,,EC,29,2,MCQ,EC.2,"Networks, Signals and Systems",EC.2.7,Discrete-time Signals,EC.2.7.3,z-transform,yes,,Inverse system for unit delay,EC2011.pdf
2011-30,2011,,EC,30,2,MCQ,EC.5,Digital Circuits,EC.5.6,Computer Organization,EC.5.6.1,Machine instructions and addressing modes,no,8085 microprocessor,8085 program: accumulator contents,EC2011.pdf
2011-31,2011,,EC,31,2,MCQ,EC.2,"Networks, Signals and Systems",EC.2.7,Discrete-time Signals,EC.2.7.2,DFT,yes,,Conjugate symmetry of DFT,EC2011.pdf
2011-32,2011,,EC,32,2,MCQ,EC.4,Analog Circuits,EC.4.2,BJT and MOSFET Amplifiers,EC.4.2.1,Biasing,yes,,BJT leaves active region after switch opens,EC2011.pdf
2011-33,2011,,EC,33,2,MCQ,EC.2,"Networks, Signals and Systems",EC.2.4,Two-Port Networks and Transformations,EC.2.4.1,Linear 2-port network parameters,yes,,Voltage gain with Y-parameter network,EC2011.pdf
2011-34,2011,,EC,34,2,MCQ,EC.2,"Networks, Signals and Systems",EC.2.3,Time and Frequency Domain Analysis of Linear Circuits,EC.2.3.2,RC circuits,yes,,RC transient with charged capacitor,EC2011.pdf
2011-35,2011,,EC,35,2,MCQ,EC.1,Engineering Mathematics,EC.1.1,Linear Algebra,EC.1.1.7,Solution of linear equations - existence and uniqueness,yes,,No-solution condition of linear system,EC2011.pdf
2011-36,2011,,EC,36,2,MCQ,EC.1,Engineering Mathematics,EC.1.6,Probability and Statistics,EC.1.6.2,Combinatorial probability,yes,,Second die toss higher than first,EC2011.pdf
2011-37,2011,,EC,37,2,MCQ,EC.8,Electromagnetics,EC.8.1,Maxwell's Equations,EC.8.1.2,Boundary conditions,yes,,Boundary condition with surface current,EC2011.pdf
2011-38,2011,,EC,38,2,MCQ,EC.8,Electromagnetics,EC.8.3,Transmission Lines,EC.8.3.3,Impedance matching,yes,,Load impedance from VSWR,EC2011.pdf
2011-39,2011,,EC,39,2,MCQ,EC.7,Communications,EC.7.1,Random Processes,EC.7.1.4,Filtering of random signals through LTI systems,yes,,Output PSD of differentiator-difference system,EC2011.pdf
2011-40,2011,,EC,40,2,MCQ,EC.5,Digital Circuits,EC.5.4,Data Converters,EC.5.4.3,DACs,yes,,Johnson counter with DAC waveform,EC2011.pdf
2011-41,2011,,EC,41,2,MCQ,EC.5,Digital Circuits,EC.5.3,Sequential Circuits,EC.5.3.2,Counters,yes,,D flip-flop inputs for counter sequence,EC2011.pdf
2011-42,2011,,EC,42,2,MCQ,EC.3,Electronic Devices,EC.3.3,Semiconductor Devices,EC.3.3.5,MOSFET,yes,,Source voltage of stacked NMOS,EC2011.pdf
2011-43,2011,,EC,43,2,MCQ,EC.2,"Networks, Signals and Systems",EC.2.5,LTI Systems,EC.2.5.5,Convolution,yes,,Output by convolution with step,EC2011.pdf
2011-44,2011,,EC,44,2,MCQ,EC.3,Electronic Devices,EC.3.3,Semiconductor Devices,EC.3.3.3,BJT,yes,,Collector current with ICO,EC2011.pdf
2011-45,2011,,EC,45,2,MCQ,EC.2,"Networks, Signals and Systems",EC.2.5,LTI Systems,,,yes,,Initial and final value theorems,EC2011.pdf
2011-46,2011,,EC,46,2,MCQ,EC.2,"Networks, Signals and Systems",EC.2.2,Sinusoidal Steady State Analysis,EC.2.2.1,Phasors,yes,,Current in AC bridge circuit,EC2011.pdf
2011-47,2011,,EC,47,2,MCQ,EC.1,Engineering Mathematics,,,,,no,Numerical methods,Newton-Raphson step,EC2011.pdf
2011-48,2011,,EC,48,2,MCQ,EC.3,Electronic Devices,EC.3.3,Semiconductor Devices,,,no,JFET,JFET channel resistance at VGS = 0,EC2011.pdf
2011-49,2011,,EC,49,2,MCQ,EC.3,Electronic Devices,EC.3.3,Semiconductor Devices,,,no,JFET,JFET channel resistance at VGS = -3 V,EC2011.pdf
2011-50,2011,,EC,50,2,MCQ,EC.6,Control Systems,EC.6.1,System Modelling,EC.6.1.5,Signal flow graph,yes,,Signal flow graph not modelling plant,EC2011.pdf
2011-51,2011,,EC,51,2,MCQ,EC.6,Control Systems,EC.6.4,Frequency Response and Root Locus,EC.6.4.1,Frequency response,yes,,Gain margin of closed-loop system,EC2011.pdf
2011-52,2011,,EC,52,2,MCQ,EC.7,Communications,EC.7.4,Digital Communications,EC.7.4.3,"Digital modulation schemes (ASK, PSK, FSK, QAM)",yes,,Radii of 4- and 8-PSK constellations,EC2011.pdf
2011-53,2011,,EC,53,2,MCQ,EC.7,Communications,EC.7.4,Digital Communications,EC.7.4.8,SNR and BER,yes,,Extra energy for 8-PSK vs 4-PSK,EC2011.pdf
2011-54,2011,,EC,54,2,MCQ,EC.4,Analog Circuits,EC.4.1,Diode Circuits,,,yes,,Diode string bias current,EC2011.pdf
2011-55,2011,,EC,55,2,MCQ,EC.4,Analog Circuits,EC.4.1,Diode Circuits,,,yes,,AC output across diodes (small signal),EC2011.pdf
2011-56,2011,,GA,56,1,MCQ,GA.1,Verbal Aptitude,GA.1.2,Vocabulary,,,yes,,Word-pair analogy,EC2011.pdf
2011-57,2011,,GA,57,1,MCQ,GA.2,Quantitative Aptitude,GA.2.2,Arithmetic and Algebra,,,yes,,Election vote percentages,EC2011.pdf
2011-58,2011,,GA,58,1,MCQ,GA.1,Verbal Aptitude,GA.1.2,Vocabulary,,,yes,,Word completion (exacerbated),EC2011.pdf
2011-59,2011,,GA,59,1,MCQ,GA.1,Verbal Aptitude,GA.1.2,Vocabulary,,,yes,,Antonym of 'frequency',EC2011.pdf
2011-60,2011,,GA,60,1,MCQ,GA.1,Verbal Aptitude,GA.1.2,Vocabulary,,,yes,,Word completion (available),EC2011.pdf
2011-61,2011,,GA,61,2,MCQ,GA.1,Verbal Aptitude,GA.1.3,Reading Comprehension,,,yes,,Inference from passage,EC2011.pdf
2011-62,2011,,GA,62,2,MCQ,GA.2,Quantitative Aptitude,GA.2.1,Data Interpretation,,,yes,,Fuel consumption graph,EC2011.pdf
2011-63,2011,,GA,63,2,MCQ,GA.2,Quantitative Aptitude,GA.2.2,Arithmetic and Algebra,,,yes,,Toffees remaining in bowl,EC2011.pdf
2011-64,2011,,GA,64,2,MCQ,GA.2,Quantitative Aptitude,GA.2.2,Arithmetic and Algebra,,,yes,,Value of |f(q) - f(-q)|,EC2011.pdf
2011-65,2011,,GA,65,2,MCQ,GA.2,Quantitative Aptitude,GA.2.2,Arithmetic and Algebra,,,yes,,Sum of series 4+44+444+...,EC2011.pdf
2012-1,2012,,EC,1,1,MCQ,EC.4,Analog Circuits,EC.4.2,BJT and MOSFET Amplifiers,EC.4.2.3,Small signal analysis,yes,,BJT small-signal r_pi from base current,EC2012.pdf
2012-2,2012,,EC,2,1,MCQ,EC.7,Communications,EC.7.1,Random Processes,EC.7.1.2,Power spectral density,yes,,PSD to mean-square and mean of random process,EC2012.pdf
2012-3,2012,,EC,3,1,MCQ,EC.7,Communications,EC.7.4,Digital Communications,EC.7.4.5,Inter-symbol interference,yes,,"Raised-cosine pulse, max signalling rate without ISI",EC2012.pdf
2012-4,2012,,EC,4,1,MCQ,EC.8,Electromagnetics,EC.8.2,Plane Waves and Properties,EC.8.2.1,Reflection and refraction,yes,,Plane wave reflected from perfect conductor,EC2012.pdf
2012-5,2012,,EC,5,1,MCQ,EC.8,Electromagnetics,EC.8.2,Plane Waves and Properties,EC.8.2.2,Polarization,yes,,Frequency and polarization of plane wave,EC2012.pdf
2012-6,2012,,EC,6,1,MCQ,EC.5,Digital Circuits,EC.5.3,Sequential Circuits,EC.5.3.1,Latches and flip-flops,yes,,Race-around condition in flip-flop circuit,EC2012.pdf
2012-7,2012,,EC,7,1,MCQ,EC.5,Digital Circuits,EC.5.2,Combinational Circuits,EC.5.2.5,Arithmetic circuits,yes,,2-bit magnitude comparator,EC2012.pdf
2012-8,2012,,EC,8,1,MCQ,EC.4,Analog Circuits,EC.4.1,Diode Circuits,,,yes,,Diode with piecewise i-v characteristic in circuit,EC2012.pdf
2012-9,2012,,EC,9,1,MCQ,EC.2,"Networks, Signals and Systems",EC.2.3,Time and Frequency Domain Analysis of Linear Circuits,EC.2.3.2,RC circuits,yes,,Charged capacitor switched to capacitor: impulse current,EC2012.pdf
2012-10,2012,,EC,10,1,MCQ,EC.2,"Networks, Signals and Systems",EC.2.2,Sinusoidal Steady State Analysis,EC.2.2.2,Complex power,yes,,Average power delivered to impedance,EC2012.pdf
2012-11,2012,,EC,11,1,MCQ,EC.2,"Networks, Signals and Systems",EC.2.5,LTI Systems,,,yes,,Laplace transform property (t·f(t)),EC2012.pdf
2012-12,2012,,EC,12,1,MCQ,EC.1,Engineering Mathematics,EC.1.3,Differential Equations,EC.1.3.1,Linear differential equations,yes,,First-order linear ODE with initial condition,EC2012.pdf
2012-13,2012,,EC,13,1,MCQ,EC.4,Analog Circuits,EC.4.1,Diode Circuits,EC.4.1.2,Clamping,yes,,Diode-capacitor clamper/doubler voltage,EC2012.pdf
2012-14,2012,,EC,14,1,MCQ,EC.5,Digital Circuits,EC.5.2,Combinational Circuits,EC.5.2.4,Logic gates and static CMOS implementations,yes,,Switch/transistor logic circuit output function,EC2012.pdf
2012-15,2012,,EC,15,1,MCQ,EC.7,Communications,EC.7.3,Information Theory,EC.7.3.1,Entropy,yes,,Entropy change when probabilities perturbed,EC2012.pdf
2012-16,2012,,EC,16,1,MCQ,EC.8,Electromagnetics,EC.8.3,Transmission Lines,EC.8.3.2,Characteristic impedance,yes,,Coaxial cable characteristic impedance,EC2012.pdf
2012-17,2012,,EC,17,1,MCQ,EC.8,Electromagnetics,EC.8.6,Antennas,,,yes,,Directivity from radiation pattern,EC2012.pdf
2012-18,2012,,EC,18,1,MCQ,EC.2,"Networks, Signals and Systems",EC.2.7,Discrete-time Signals,EC.2.7.3,z-transform,yes,,ROC of two-sided z-transform,EC2012.pdf
2012-19,2012,,EC,19,1,MCQ,EC.5,Digital Circuits,EC.5.2,Combinational Circuits,EC.5.2.3,Karnaugh map minimization,yes,,Prime implicants of SOP function,EC2012.pdf
2012-20,2012,,EC,20,1,MCQ,EC.6,Control Systems,EC.6.4,Frequency Response and Root Locus,EC.6.4.1,Frequency response,yes,,Frequency at which sinusoidal steady-state output is zero,EC2012.pdf
2012-21,2012,,EC,21,1,MCQ,EC.2,"Networks, Signals and Systems",EC.2.1,Circuit Analysis,EC.2.1.1,Node and mesh analysis,yes,,Input impedance of circuit with dependent source,EC2012.pdf
2012-22,2012,,EC,22,1,MCQ,EC.2,"Networks, Signals and Systems",EC.2.2,Sinusoidal Steady State Analysis,EC.2.2.1,Phasors,yes,,Phasor circuit: inductor current,EC2012.pdf
2012-23,2012,,EC,23,1,MCQ,EC.1,Engineering Mathematics,EC.1.5,Complex Analysis,EC.1.5.6,Residue theorem,yes,,Contour integral by residue theorem,EC2012.pdf
2012-24,2012,,EC,24,1,MCQ,EC.1,Engineering Mathematics,EC.1.6,Probability and Statistics,EC.1.6.8,Joint and conditional probability,yes,,P(max of two independent uniforms < 1/2),EC2012.pdf
2012-25,2012,,EC,25,1,MCQ,EC.1,Engineering Mathematics,EC.1.5,Complex Analysis,,,yes,,Value of i^i,EC2012.pdf
2012-26,2012,,EC,26,2,MCQ,EC.3,Electronic Devices,EC.3.1,Energy Bands and Carrier Concentration,EC.3.1.3,Equilibrium carrier concentration,yes,,Minority carrier count in heavily doped region,EC2012.pdf
2012-27,2012,,EC,27,2,MCQ,EC.7,Communications,EC.7.4,Digital Communications,EC.7.4.8,SNR and BER,yes,,Coherent BPSK error probability with phase offset,EC2012.pdf
2012-28,2012,,EC,28,2,MCQ,EC.8,Electromagnetics,EC.8.3,Transmission Lines,EC.8.3.4,Impedance transformation,yes,,Quarter-wave matching at two frequencies,EC2012.pdf
2012-29,2012,,EC,29,2,MCQ,EC.2,"Networks, Signals and Systems",EC.2.5,LTI Systems,EC.2.5.1,Definition and properties,yes,,Time-invariance and stability of integral system,EC2012.pdf
2012-30,2012,,EC,30,2,MCQ,EC.6,Control Systems,EC.6.3,Stability Analysis,EC.6.3.1,Routh-Hurwitz criterion,yes,,Routh: K and a for sustained oscillation,EC2012.pdf
2012-31,2012,,EC,31,2,MCQ,EC.2,"Networks, Signals and Systems",EC.2.6,Continuous-time Signals,EC.2.6.2,Fourier transform,yes,,h(0) from Fourier transform,EC2012.pdf
2012-32,2012,,EC,32,2,MCQ,EC.6,Control Systems,EC.6.6,State-Space Analysis,EC.6.6.1,State variable model,yes,,Controllability/observability of state model,EC2012.pdf
2012-33,2012,,EC,33,2,MCQ,EC.2,"Networks, Signals and Systems",EC.2.2,Sinusoidal Steady State Analysis,EC.2.2.3,Maximum power transfer,yes,,Maximum power transfer between AC circuits,EC2012.pdf
2012-34,2012,,EC,34,2,MCQ,EC.1,Engineering Mathematics,EC.1.3,Differential Equations,EC.1.3.1,Linear differential equations,yes,,Second-order ODE with impulse forcing,EC2012.pdf
2012-35,2012,,EC,35,2,MCQ,EC.1,Engineering Mathematics,EC.1.4,Vector Analysis,EC.1.4.3,"Gradient, divergence and curl",yes,,Divergence of radial field r^n,EC2012.pdf
2012-36,2012,,EC,36,2,MCQ,EC.1,Engineering Mathematics,EC.1.6,Probability and Statistics,EC.1.6.2,Combinatorial probability,yes,,Probability first head on odd toss,EC2012.pdf
2012-37,2012,,EC,37,2,MCQ,EC.5,Digital Circuits,EC.5.2,Combinational Circuits,EC.5.2.4,Logic gates and static CMOS implementations,yes,,CMOS inverter: region of NMOS vs Vin,EC2012.pdf
2012-38,2012,,EC,38,2,MCQ,EC.7,Communications,EC.7.4,Digital Communications,EC.7.4.6,MAP and ML detection,yes,,Optimum (MAP) receiver error on BSC,EC2012.pdf
2012-39,2012,,EC,39,2,MCQ,EC.7,Communications,EC.7.2,Analog Communications,EC.7.2.2,Angle modulation and demodulation,yes,,PM vs FM sensitivity for same phase deviation,EC2012.pdf
2012-40,2012,,EC,40,2,MCQ,EC.8,Electromagnetics,EC.8.4,Waveguides,EC.8.4.1,Rectangular waveguides,yes,,Rectangular waveguide phase velocity,EC2012.pdf
2012-41,2012,,EC,41,2,MCQ,EC.4,Analog Circuits,EC.4.3,Op-amp Circuits,EC.4.3.5,Active filters,yes,,Op-amp active filter type and cutoff,EC2012.pdf
2012-42,2012,,EC,42,2,MCQ,EC.2,"Networks, Signals and Systems",EC.2.5,LTI Systems,EC.2.5.5,Convolution,yes,,Discrete convolution: find g[1],EC2012.pdf
2012-43,2012,,EC,43,2,MCQ,EC.5,Digital Circuits,EC.5.3,Sequential Circuits,EC.5.3.4,Finite state machines,yes,,State diagram of D-FF + MUX circuit,EC2012.pdf
2012-44,2012,,EC,44,2,MCQ,EC.4,Analog Circuits,EC.4.2,BJT and MOSFET Amplifiers,EC.4.2.3,Small signal analysis,yes,,BJT CE amplifier voltage gain,EC2012.pdf
2012-45,2012,,EC,45,2,MCQ,EC.4,Analog Circuits,EC.4.3,Op-amp Circuits,EC.4.3.1,Amplifiers,yes,,Op-amp resistive network node voltages,EC2012.pdf
2012-46,2012,,EC,46,2,MCQ,EC.1,Engineering Mathematics,EC.1.2,Calculus,EC.1.2.5,Maxima and minima,yes,,Maximum of cubic on interval,EC2012.pdf
2012-47,2012,,EC,47,2,MCQ,EC.1,Engineering Mathematics,EC.1.1,Linear Algebra,EC.1.1.5,Eigenvalues and eigenvectors,yes,,A^3 via Cayley-Hamilton,EC2012.pdf
2012-48,2012,,EC,48,2,MCQ,EC.2,"Networks, Signals and Systems",EC.2.4,Two-Port Networks and Transformations,EC.2.4.1,Linear 2-port network parameters,yes,,Nonreciprocal two-port: load current,EC2012.pdf
2012-49,2012,,EC,49,2,MCQ,EC.2,"Networks, Signals and Systems",EC.2.4,Two-Port Networks and Transformations,EC.2.4.1,Linear 2-port network parameters,yes,,Two-port: open-circuit voltage,EC2012.pdf
2012-50,2012,,EC,50,2,MCQ,EC.3,Electronic Devices,EC.3.3,Semiconductor Devices,EC.3.3.5,MOSFET,yes,,MOSFET gate-source overlap capacitance,EC2012.pdf
2012-51,2012,,EC,51,2,MCQ,EC.3,Electronic Devices,EC.3.3,Semiconductor Devices,EC.3.3.1,P-N junction,yes,,Source-body junction capacitance,EC2012.pdf
2012-52,2012,,EC,52,2,MCQ,EC.8,Electromagnetics,EC.8.1,Maxwell's Equations,EC.8.1.1,Differential and integral forms and their interpretation,yes,,Ampere's law: field of current-carrying wire,EC2012.pdf
2012-53,2012,,EC,53,2,MCQ,EC.8,Electromagnetics,EC.8.1,Maxwell's Equations,EC.8.1.1,Differential and integral forms and their interpretation,yes,,Field inside hole drilled in wire (superposition),EC2012.pdf
2012-54,2012,,EC,54,2,MCQ,EC.6,Control Systems,EC.6.5,Compensators and Controllers,EC.6.5.1,Compensators,yes,,Condition for lead compensator,EC2012.pdf
2012-55,2012,,EC,55,2,MCQ,EC.6,Control Systems,EC.6.5,Compensators and Controllers,EC.6.5.1,Compensators,yes,,Frequency of max phase lead,EC2012.pdf
2012-56,2012,,GA,56,1,MCQ,GA.2,Quantitative Aptitude,GA.2.2,Arithmetic and Algebra,,,yes,,Exponent computation,EC2012.pdf
2012-57,2012,,GA,57,1,MCQ,GA.1,Verbal Aptitude,GA.1.1,Grammar and Usage,,,yes,,Sentence completion (tense),EC2012.pdf
2012-58,2012,,GA,58,1,MCQ,GA.1,Verbal Aptitude,GA.1.2,Vocabulary,,,yes,,Word completion,EC2012.pdf
2012-59,2012,,GA,59,1,MCQ,GA.1,Verbal Aptitude,GA.1.2,Vocabulary,,,yes,,Closest meaning (Latitude),EC2012.pdf
2012-60,2012,,GA,60,1,MCQ,GA.1,Verbal Aptitude,GA.1.1,Grammar and Usage,,,yes,,Spot the grammatical error,EC2012.pdf
2012-61,2012,,GA,61,2,MCQ,GA.1,Verbal Aptitude,GA.1.3,Reading Comprehension,,,yes,,Passage summary,EC2012.pdf
2012-62,2012,,GA,62,2,MCQ,GA.2,Quantitative Aptitude,GA.2.2,Arithmetic and Algebra,,,yes,,Currency notes count,EC2012.pdf
2012-63,2012,,GA,63,2,MCQ,GA.3,Analytical Aptitude,GA.3.3,Series and Coding,,,yes,,Minimum weighings to find heavier bag,EC2012.pdf
2012-64,2012,,GA,64,2,MCQ,GA.2,Quantitative Aptitude,GA.2.1,Data Interpretation,,,yes,,Budget table percentage,EC2012.pdf
2012-65,2012,,GA,65,2,MCQ,GA.2,Quantitative Aptitude,GA.2.4,Probability and Statistics,,,yes,,Meeting probability (geometric),EC2012.pdf
2013-1,2013,,EC,1,1,MCQ,EC.5,Digital Circuits,EC.5.2,Combinational Circuits,EC.5.2.1,Boolean algebra,yes,,Two-way staircase switch logic (XOR),EC2013.pdf
2013-2,2013,,EC,2,1,MCQ,EC.1,Engineering Mathematics,EC.1.4,Vector Analysis,EC.1.4.4,"Gauss's, Green's and Stokes' theorems",yes,,Stokes' theorem for closed line integral,EC2013.pdf
2013-3,2013,,EC,3,1,MCQ,EC.2,"Networks, Signals and Systems",EC.2.5,LTI Systems,EC.2.5.5,Convolution,yes,,Cascade impulse response = convolution,EC2013.pdf
2013-4,2013,,EC,4,1,MCQ,EC.3,Electronic Devices,EC.3.3,Semiconductor Devices,EC.3.3.1,P-N junction,yes,,Current mechanism in forward-biased pn junction,EC2013.pdf
2013-5,2013,,EC,5,1,MCQ,EC.3,Electronic Devices,EC.3.3,Semiconductor Devices,,,no,IC fabrication,Dry vs wet oxidation in IC fabrication,EC2013.pdf
2013-6,2013,,EC,6,1,MCQ,EC.1,Engineering Mathematics,EC.1.2,Calculus,EC.1.2.8,Taylor series,yes,,Validity of sin(x)≈x approximation,EC2013.pdf
2013-7,2013,,EC,7,1,MCQ,EC.1,Engineering Mathematics,EC.1.4,Vector Analysis,EC.1.4.3,"Gradient, divergence and curl",yes,,Divergence of position vector field,EC2013.pdf
2013-8,2013,,EC,8,1,MCQ,EC.2,"Networks, Signals and Systems",EC.2.5,LTI Systems,EC.2.5.5,Convolution,yes,,Output by convolution (ramp response to delayed step),EC2013.pdf
2013-9,2013,,EC,9,1,MCQ,EC.6,Control Systems,EC.6.4,Frequency Response and Root Locus,EC.6.4.2,Bode plots,yes,,Transfer function from Bode magnitude plot,EC2013.pdf
2013-10,2013,,EC,10,1,MCQ,EC.4,Analog Circuits,EC.4.3,Op-amp Circuits,EC.4.3.1,Amplifiers,yes,,Op-amp with BJT in feedback: output voltage,EC2013.pdf
2013-11,2013,,EC,11,1,MCQ,EC.2,"Networks, Signals and Systems",EC.2.4,Two-Port Networks and Transformations,EC.2.4.2,Wye-delta transformation,yes,,Scaling of delta-star equivalent,EC2013.pdf
2013-12,2013,,EC,12,1,MCQ,EC.5,Digital Circuits,EC.5.6,Computer Organization,EC.5.6.1,Machine instructions and addressing modes,no,8085 microprocessor,8085 program: accumulator contents,EC2013.pdf
2013-13,2013,,EC,13,1,MCQ,EC.7,Communications,EC.7.4,Digital Communications,EC.7.4.4,Bandwidth,yes,,Minimum bandwidth for 32-QAM,EC2013.pdf
2013-14,2013,,EC,14,1,MCQ,EC.2,"Networks, Signals and Systems",EC.2.6,Continuous-time Signals,EC.2.6.1,Fourier series,yes,,Fundamental frequency of periodic signal,EC2013.pdf
2013-15,2013,,EC,15,1,MCQ,EC.4,Analog Circuits,EC.4.2,BJT and MOSFET Amplifiers,,,no,Feedback amplifiers,Voltage-series feedback: input/output impedance,EC2013.pdf
2013-16,2013,,EC,16,1,MCQ,EC.2,"Networks, Signals and Systems",EC.2.6,Continuous-time Signals,EC.2.6.3,Nyquist sampling theorem,yes,,Invalid sampling frequency (Nyquist),EC2013.pdf
2013-17,2013,,EC,17,1,MCQ,EC.3,Electronic Devices,EC.3.3,Semiconductor Devices,EC.3.3.5,MOSFET,yes,,Channel-length modulation effect,EC2013.pdf
2013-18,2013,,EC,18,1,MCQ,EC.2,"Networks, Signals and Systems",EC.2.5,LTI Systems,EC.2.5.3,Stability,yes,,Pole/zero conditions for causal stable LTI system,EC2013.pdf
2013-19,2013,,EC,19,1,MCQ,EC.1,Engineering Mathematics,EC.1.1,Linear Algebra,EC.1.1.5,Eigenvalues and eigenvectors,yes,,Minimum eigenvalue of 3x3 matrix,EC2013.pdf
2013-20,2013,,EC,20,1,MCQ,EC.1,Engineering Mathematics,EC.1.2,Calculus,,,no,Algebra (roots of polynomials),Real roots of polynomial with sign pattern,EC2013.pdf
2013-21,2013,,EC,21,1,MCQ,EC.2,"Networks, Signals and Systems",EC.2.5,LTI Systems,EC.2.5.4,Impulse response,yes,,Step response of block-diagram system,EC2013.pdf
2013-22,2013,,EC,22,1,MCQ,EC.2,"Networks, Signals and Systems",EC.2.3,Time and Frequency Domain Analysis of Linear Circuits,EC.2.3.4,Solution of network equations using Laplace transform,yes,,Transfer function of RC/RL circuit (s-domain),EC2013.pdf
2013-23,2013,,EC,23,1,MCQ,EC.2,"Networks, Signals and Systems",EC.2.2,Sinusoidal Steady State Analysis,EC.2.2.3,Maximum power transfer,yes,,Resistive load for maximum power,EC2013.pdf
2013-24,2013,,EC,24,1,MCQ,EC.8,Electromagnetics,EC.8.3,Transmission Lines,EC.8.3.3,Impedance matching,yes,,Return loss to VSWR and reflection coefficient,EC2013.pdf
2013-25,2013,,EC,25,1,MCQ,EC.7,Communications,EC.7.4,Digital Communications,EC.7.4.7,Matched filter receiver,yes,,Matched filter output Fourier transform,EC2013.pdf
2013-26,2013,,EC,26,2,MCQ,EC.1,Engineering Mathematics,EC.1.6,Probability and Statistics,EC.1.6.7,Normal distribution,yes,,Probability with independent Gaussian RVs,EC2013.pdf
2013-27,2013,,EC,27,2,MCQ,EC.1,Engineering Mathematics,EC.1.1,Linear Algebra,EC.1.1.4,Matrix algebra,yes,,Determinant using det(I+AB)=det(I+BA),EC2013.pdf
2013-28,2013,,EC,28,2,MCQ,EC.2,"Networks, Signals and Systems",EC.2.1,Circuit Analysis,EC.2.1.3,Thevenin's theorem,yes,,Thevenin voltage with transformer and dependent source,EC2013.pdf
2013-29,2013,,EC,29,2,MCQ,EC.6,Control Systems,EC.6.1,System Modelling,EC.6.1.2,Feedback principle,yes,,Feedback gain to reduce time constant of DC motor,EC2013.pdf
2013-30,2013,,EC,30,2,MCQ,EC.4,Analog Circuits,EC.4.1,Diode Circuits,,,yes,,Zener regulator: min load and power rating,EC2013.pdf
2013-31,2013,,EC,31,2,MCQ,EC.2,"Networks, Signals and Systems",EC.2.1,Circuit Analysis,EC.2.1.5,Reciprocity,yes,,Transformer + attenuator: reciprocity test,EC2013.pdf
2013-32,2013,,EC,32,2,MCQ,EC.2,"Networks, Signals and Systems",EC.2.3,Time and Frequency Domain Analysis of Linear Circuits,EC.2.3.3,RLC circuits,yes,,Effective Q factor of series coils,EC2013.pdf
2013-33,2013,,EC,33,2,MCQ,EC.2,"Networks, Signals and Systems",EC.2.5,LTI Systems,EC.2.5.4,Impulse response,yes,,Step response from impulse response,EC2013.pdf
2013-34,2013,,EC,34,2,MCQ,EC.4,Analog Circuits,EC.4.2,BJT and MOSFET Amplifiers,EC.4.2.3,Small signal analysis,yes,,Small-signal resistance of diode-connected MOSFET,EC2013.pdf
2013-35,2013,,EC,35,2,MCQ,EC.4,Analog Circuits,EC.4.2,BJT and MOSFET Amplifiers,EC.4.2.4,Frequency response,yes,,Lower cutoff frequency of CS stage,EC2013.pdf
2013-36,2013,,EC,36,2,MCQ,EC.2,"Networks, Signals and Systems",EC.2.5,LTI Systems,,,yes,,Laplace transform of ODE response to pulse,EC2013.pdf
2013-37,2013,,EC,37,2,MCQ,EC.1,Engineering Mathematics,EC.1.3,Differential Equations,EC.1.3.1,Linear differential equations,yes,,Modify first-order ODE to scale solution,EC2013.pdf
2013-38,2013,,EC,38,2,MCQ,EC.1,Engineering Mathematics,EC.1.6,Probability and Statistics,EC.1.6.3,Probability distributions,yes,,Comparing CDFs of U and 2V,EC2013.pdf
2013-39,2013,,EC,39,2,MCQ,EC.2,"Networks, Signals and Systems",EC.2.7,Discrete-time Signals,EC.2.7.2,DFT,yes,,DFT of circular convolution,EC2013.pdf
2013-40,2013,,EC,40,2,MCQ,EC.6,Control Systems,EC.6.1,System Modelling,EC.6.1.5,Signal flow graph,yes,,Transfer function from signal flow graph,EC2013.pdf
2013-41,2013,,EC,41,2,MCQ,EC.4,Analog Circuits,EC.4.3,Op-amp Circuits,EC.4.3.1,Amplifiers,yes,,Cascaded ideal op-amp circuit output,EC2013.pdf
2013-42,2013,,EC,42,2,MCQ,EC.5,Digital Circuits,EC.5.2,Combinational Circuits,EC.5.2.4,Logic gates and static CMOS implementations,no,Logic families (TTL/DTL),BJT-diode logic gate Boolean function,EC2013.pdf
2013-43,2013,,EC,43,2,MCQ,EC.4,Analog Circuits,EC.4.1,Diode Circuits,,,yes,,Diode network output for sinusoidal input,EC2013.pdf
2013-44,2013,,EC,44,2,MCQ,EC.2,"Networks, Signals and Systems",EC.2.1,Circuit Analysis,,,yes,,Max safe voltage of capacitor network,EC2013.pdf
2013-45,2013,,EC,45,2,MCQ,EC.5,Digital Circuits,EC.5.5,Semiconductor Memories,,,no,Memory interfacing,Address decoding for 1 KB memory chips,EC2013.pdf
2013-46,2013,,EC,46,2,MCQ,EC.4,Analog Circuits,EC.4.2,BJT and MOSFET Amplifiers,EC.4.2.1,Biasing,yes,,BJT voltage-divider bias: find R2,EC2013.pdf
2013-47,2013,,EC,47,2,MCQ,EC.7,Communications,EC.7.3,Information Theory,EC.7.3.1,Entropy,yes,,Entropy of sum of two binary RVs,EC2013.pdf
2013-48,2013,,EC,48,2,MCQ,EC.7,Communications,EC.7.4,Digital Communications,EC.7.4.8,SNR and BER,yes,,BER for given detection threshold,EC2013.pdf
2013-49,2013,,EC,49,2,MCQ,EC.7,Communications,EC.7.4,Digital Communications,EC.7.4.6,MAP and ML detection,yes,,Optimum threshold for minimum BER,EC2013.pdf
2013-50,2013,,EC,50,2,MCQ,EC.2,"Networks, Signals and Systems",EC.2.1,Circuit Analysis,EC.2.1.1,Node and mesh analysis,yes,,Source current/voltage in DC circuit,EC2013.pdf
2013-51,2013,,EC,51,2,MCQ,EC.2,"Networks, Signals and Systems",EC.2.1,Circuit Analysis,EC.2.1.1,Node and mesh analysis,yes,,Current in 1-ohm resistor,EC2013.pdf
2013-52,2013,,EC,52,2,MCQ,EC.8,Electromagnetics,EC.8.2,Plane Waves and Properties,EC.8.2.1,Reflection and refraction,yes,,Oblique incidence: angle and incident field,EC2013.pdf
2013-53,2013,,EC,53,2,MCQ,EC.8,Electromagnetics,EC.8.2,Plane Waves and Properties,EC.8.2.1,Reflection and refraction,yes,,Oblique incidence: reflected field,EC2013.pdf
2013-54,2013,,EC,54,2,MCQ,EC.6,Control Systems,EC.6.6,State-Space Analysis,EC.6.6.1,State variable model,yes,,State equations from block diagram,EC2013.pdf
2013-55,2013,,EC,55,2,MCQ,EC.6,Control Systems,EC.6.6,State-Space Analysis,EC.6.6.2,Solution of state equation of LTI systems,yes,,State transition matrix,EC2013.pdf
2013-56,2013,,GA,56,1,MCQ,GA.1,Verbal Aptitude,GA.1.1,Grammar and Usage,,,yes,,Grammatically correct sentence,EC2013.pdf
2013-57,2013,,GA,57,1,MCQ,GA.1,Verbal Aptitude,GA.1.3,Reading Comprehension,,,yes,,Best inference from statement,EC2013.pdf
2013-58,2013,,GA,58,1,MCQ,GA.2,Quantitative Aptitude,GA.2.2,Arithmetic and Algebra,,,yes,,Average temperature problem,EC2013.pdf
2013-59,2013,,GA,59,1,MCQ,GA.1,Verbal Aptitude,GA.1.1,Grammar and Usage,,,yes,,Sentence completion (Dare ...),EC2013.pdf
2013-60,2013,,GA,60,1,MCQ,GA.1,Verbal Aptitude,GA.1.2,Vocabulary,,,yes,,Closest meaning (quarrel),EC2013.pdf
2013-61,2013,,GA,61,2,MCQ,GA.2,Quantitative Aptitude,GA.2.2,Arithmetic and Algebra,,,yes,,Average speed,EC2013.pdf
2013-62,2013,,GA,62,2,MCQ,GA.2,Quantitative Aptitude,GA.2.2,Arithmetic and Algebra,,,yes,,Sum of series,EC2013.pdf
2013-63,2013,,GA,63,2,MCQ,GA.1,Verbal Aptitude,GA.1.3,Reading Comprehension,,,yes,,Best inference from statement,EC2013.pdf
2013-64,2013,,GA,64,2,MCQ,GA.2,Quantitative Aptitude,GA.2.2,Arithmetic and Algebra,,,yes,,Roots of quadratic of opposite sign,EC2013.pdf
2013-65,2013,,GA,65,2,MCQ,GA.2,Quantitative Aptitude,GA.2.4,Probability and Statistics,,,yes,,Leap year with 53 Saturdays,EC2013.pdf
2014-1-GA1,2014,Set 1,GA,GA1,1,MCQ,GA.1,Verbal Aptitude,GA.1.1,Grammar and Usage,,,yes,,Sentence completion (tense),EC2014.pdf
2014-1-GA2,2014,Set 1,GA,GA2,1,MCQ,GA.3,Analytical Aptitude,GA.3.1,Logical Reasoning,,,yes,,Syllogism: women/entrepreneurs/doctors,EC2014.pdf
2014-1-GA3,2014,Set 1,GA,GA3,1,MCQ,GA.1,Verbal Aptitude,GA.1.2,Vocabulary,,,yes,,Word completion (dispel),EC2014.pdf
2014-1-GA4,2014,Set 1,GA,GA4,1,MCQ,GA.2,Quantitative Aptitude,GA.2.4,Probability and Statistics,,,yes,,Most consistent batsman (coefficient of variation),EC2014.pdf
2014-1-GA5,2014,Set 1,GA,GA5,1,NAT,GA.3,Analytical Aptitude,GA.3.3,Series and Coding,,,yes,,Next number in series,EC2014.pdf
2014-1-GA6,2014,Set 1,GA,GA6,2,MCQ,GA.3,Analytical Aptitude,GA.3.2,Classification,,,yes,,Odd one out in letter groups,EC2014.pdf
2014-1-GA7,2014,Set 1,GA,GA7,2,MCQ,GA.3,Analytical Aptitude,GA.3.1,Logical Reasoning,,,yes,,Tax form rules: logical deduction,EC2014.pdf
2014-1-GA8,2014,Set 1,GA,GA8,2,NAT,GA.2,Quantitative Aptitude,GA.2.2,Arithmetic and Algebra,,,yes,,Train crossing platform,EC2014.pdf
2014-1-GA9,2014,Set 1,GA,GA9,2,MCQ,GA.2,Quantitative Aptitude,GA.2.1,Data Interpretation,,,yes,,Trade deficit from bar chart,EC2014.pdf
2014-1-GA10,2014,Set 1,GA,GA10,2,MCQ,GA.2,Quantitative Aptitude,GA.2.4,Probability and Statistics,,,yes,,Conditional probability with three coins,EC2014.pdf
2014-1-1,2014,Set 1,EC,1,1,MCQ,EC.1,Engineering Mathematics,EC.1.1,Linear Algebra,EC.1.1.4,Matrix algebra,yes,,Matrix property that does not always hold,EC2014.pdf
2014-1-2,2014,Set 1,EC,2,1,NAT,EC.1,Engineering Mathematics,EC.1.6,Probability and Statistics,EC.1.6.2,Combinatorial probability,yes,,Probability a random child has a sibling,EC2014.pdf
2014-1-3,2014,Set 1,EC,3,1,MCQ,EC.1,Engineering Mathematics,EC.1.5,Complex Analysis,EC.1.5.3,Cauchy's integral formula,yes,,Contour integral by Cauchy's formula,EC2014.pdf
2014-1-4,2014,Set 1,EC,4,1,NAT,EC.1,Engineering Mathematics,EC.1.1,Linear Algebra,EC.1.1.5,Eigenvalues and eigenvectors,yes,,Positive eigenvalue when A^2 = I,EC2014.pdf
2014-1-5,2014,Set 1,EC,5,1,NAT,EC.1,Engineering Mathematics,EC.1.6,Probability and Statistics,EC.1.6.3,Probability distributions,yes,,P(X1 largest) for iid uniforms,EC2014.pdf
2014-1-6,2014,Set 1,EC,6,1,MCQ,EC.2,"Networks, Signals and Systems",EC.2.2,Sinusoidal Steady State Analysis,EC.2.2.3,Maximum power transfer,yes,,Max power transfer impedance condition,EC2014.pdf
2014-1-7,2014,Set 1,EC,7,1,MCQ,EC.2,"Networks, Signals and Systems",EC.2.1,Circuit Analysis,EC.2.1.1,Node and mesh analysis,yes,,KCL consistency in network fragment,EC2014.pdf
2014-1-8,2014,Set 1,EC,8,1,NAT,EC.3,Electronic Devices,EC.3.3,Semiconductor Devices,EC.3.3.8,Photodiode,yes,,Photodiode photocurrent from responsivity,EC2014.pdf
2014-1-9,2014,Set 1,EC,9,1,MCQ,EC.4,Analog Circuits,EC.4.1,Diode Circuits,,,yes,,PN and Schottky diode conduction states,EC2014.pdf
2014-1-10,2014,Set 1,EC,10,1,MCQ,EC.3,Electronic Devices,EC.3.3,Semiconductor Devices,EC.3.3.4,MOS capacitor,yes,,Oxide fixed charge effect on threshold voltage,EC2014.pdf
2014-1-11,2014,Set 1,EC,11,1,MCQ,EC.4,Analog Circuits,EC.4.2,BJT and MOSFET Amplifiers,,,yes,,Impedances of a good current buffer,EC2014.pdf
2014-1-12,2014,Set 1,EC,12,1,MCQ,EC.4,Analog Circuits,EC.4.2,BJT and MOSFET Amplifiers,,,no,Feedback amplifiers,Feedback topology identification,EC2014.pdf
2014-1-13,2014,Set 1,EC,13,1,NAT,EC.4,Analog Circuits,EC.4.3,Op-amp Circuits,EC.4.3.5,Active filters,yes,,Active low-pass filter: R for cutoff,EC2014.pdf
2014-1-14,2014,Set 1,EC,14,1,MCQ,EC.5,Digital Circuits,EC.5.2,Combinational Circuits,EC.5.2.4,Logic gates and static CMOS implementations,yes,,Pass-transistor logic output voltages,EC2014.pdf
2014-1-15,2014,Set 1,EC,15,1,MCQ,EC.5,Digital Circuits,EC.5.2,Combinational Circuits,EC.5.2.2,Minimization using Boolean identities,yes,,Boolean expression simplification,EC2014.pdf
2014-1-16,2014,Set 1,EC,16,1,NAT,EC.5,Digital Circuits,EC.5.3,Sequential Circuits,EC.5.3.2,Counters,yes,,Cascaded JK flip-flop counter frequency,EC2014.pdf
2014-1-17,2014,Set 1,EC,17,1,MCQ,EC.2,"Networks, Signals and Systems",EC.2.7,Discrete-time Signals,,,yes,,Periodicity of discrete-time sinusoid,EC2014.pdf
2014-1-18,2014,Set 1,EC,18,1,NAT,EC.2,"Networks, Signals and Systems",EC.2.6,Continuous-time Signals,EC.2.6.3,Nyquist sampling theorem,yes,,Nyquist rate of product of signals,EC2014.pdf
2014-1-19,2014,Set 1,EC,19,1,NAT,EC.2,"Networks, Signals and Systems",EC.2.5,LTI Systems,EC.2.5.4,Impulse response,yes,,Steady-state output from impulse response,EC2014.pdf
2014-1-20,2014,Set 1,EC,20,1,NAT,EC.6,Control Systems,EC.6.4,Frequency Response and Root Locus,EC.6.4.3,Root-locus plots,yes,,Gain for repeated closed-loop poles,EC2014.pdf
2014-1-21,2014,Set 1,EC,21,1,MCQ,EC.6,Control Systems,EC.6.3,Stability Analysis,EC.6.3.2,Nyquist criterion,yes,,Conclusion from Nyquist plot,EC2014.pdf
2014-1-22,2014,Set 1,EC,22,1,NAT,EC.7,Communications,EC.7.4,Digital Communications,,,no,Multiple access (TDMA/CDMA),Orthogonal users in CDMA,EC2014.pdf
2014-1-23,2014,Set 1,EC,23,1,NAT,EC.7,Communications,EC.7.3,Information Theory,EC.7.3.4,Channel capacity theorem,yes,,BSC capacity at p = 0.5,EC2014.pdf
2014-1-24,2014,Set 1,EC,24,1,MCQ,EC.8,Electromagnetics,EC.8.3,Transmission Lines,EC.8.3.5,S-parameters,yes,,S11 of two-port with port 2 shorted,EC2014.pdf
2014-1-25,2014,Set 1,EC,25,1,MCQ,EC.8,Electromagnetics,EC.8.1,Maxwell's Equations,,,no,Electrostatics,Force on charge near grounded plane (image method),EC2014.pdf
2014-1-26,2014,Set 1,EC,26,2,MCQ,EC.1,Engineering Mathematics,EC.1.2,Calculus,EC.1.2.8,Taylor series,yes,,Taylor series of 3sinx + 2cosx,EC2014.pdf
2014-1-27,2014,Set 1,EC,27,2,MCQ,EC.2,"Networks, Signals and Systems",EC.2.6,Continuous-time Signals,EC.2.6.2,Fourier transform,yes,,Integral of running integral via Fourier transform,EC2014.pdf
2014-1-28,2014,Set 1,EC,28,2,NAT,EC.1,Engineering Mathematics,EC.1.2,Calculus,EC.1.2.6,Multiple integrals,yes,,Volume under surface over triangle,EC2014.pdf
2014-1-29,2014,Set 1,EC,29,2,NAT,EC.1,Engineering Mathematics,EC.1.1,Linear Algebra,EC.1.1.4,Matrix algebra,yes,,Determinant of I + αJ (exchange matrix),EC2014.pdf
2014-1-30,2014,Set 1,EC,30,2,NAT,EC.2,"Networks, Signals and Systems",EC.2.4,Two-Port Networks and Transformations,EC.2.4.2,Wye-delta transformation,yes,,Y to delta conversion,EC2014.pdf
2014-1-31,2014,Set 1,EC,31,2,MCQ,EC.2,"Networks, Signals and Systems",EC.2.2,Sinusoidal Steady State Analysis,EC.2.2.2,Complex power,yes,,Complex power of parallel loads,EC2014.pdf
2014-1-32,2014,Set 1,EC,32,2,NAT,EC.2,"Networks, Signals and Systems",EC.2.2,Sinusoidal Steady State Analysis,,,yes,,RMS value of periodic waveform,EC2014.pdf
2014-1-33,2014,Set 1,EC,33,2,NAT,EC.2,"Networks, Signals and Systems",EC.2.3,Time and Frequency Domain Analysis of Linear Circuits,EC.2.3.3,RLC circuits,yes,,Capacitor for critically damped RLC,EC2014.pdf
2014-1-34,2014,Set 1,EC,34,2,NAT,EC.3,Electronic Devices,EC.3.3,Semiconductor Devices,EC.3.3.3,BJT,yes,,BJT transconductance from IS and VBE,EC2014.pdf
2014-1-35,2014,Set 1,EC,35,2,MCQ,EC.3,Electronic Devices,EC.3.3,Semiconductor Devices,EC.3.3.1,P-N junction,yes,,Minority electron concentration in forward-biased diode,EC2014.pdf
2014-1-36,2014,Set 1,EC,36,2,NAT,EC.3,Electronic Devices,EC.3.3,Semiconductor Devices,EC.3.3.5,MOSFET,yes,,Depletion MOSFET as voltage-controlled resistor,EC2014.pdf
2014-1-37,2014,Set 1,EC,37,2,NAT,EC.4,Analog Circuits,EC.4.3,Op-amp Circuits,EC.4.3.1,Amplifiers,no,Voltage regulators,Op-amp series voltage regulator: find R,EC2014.pdf
2014-1-38,2014,Set 1,EC,38,2,MCQ,EC.4,Analog Circuits,EC.4.3,Op-amp Circuits,EC.4.3.1,Amplifiers,yes,,Op-amp circuit with current sources,EC2014.pdf
2014-1-39,2014,Set 1,EC,39,2,NAT,EC.4,Analog Circuits,EC.4.2,BJT and MOSFET Amplifiers,EC.4.2.3,Small signal analysis,yes,,BJT CE amplifier voltage gain,EC2014.pdf
2014-1-40,2014,Set 1,EC,40,2,MCQ,EC.5,Digital Circuits,EC.5.2,Combinational Circuits,EC.5.2.1,Boolean algebra,yes,,Logic circuit output (XOR/XNOR/AND),EC2014.pdf
2014-1-41,2014,Set 1,EC,41,2,MCQ,EC.5,Digital Circuits,EC.5.2,Combinational Circuits,EC.5.2.3,Karnaugh map minimization,yes,,Essential prime implicants,EC2014.pdf
2014-1-42,2014,Set 1,EC,42,2,MCQ,EC.5,Digital Circuits,EC.5.3,Sequential Circuits,EC.5.3.4,Finite state machines,yes,,Preserve state diagram when XOR replaced,EC2014.pdf
2014-1-43,2014,Set 1,EC,43,2,MCQ,EC.2,"Networks, Signals and Systems",EC.2.7,Discrete-time Signals,EC.2.7.3,z-transform,yes,,ROC of two-sided sequence,EC2014.pdf
2014-1-44,2014,Set 1,EC,44,2,NAT,EC.2,"Networks, Signals and Systems",EC.2.7,Discrete-time Signals,,,yes,,Discrete-time Fourier series coefficients,EC2014.pdf
2014-1-45,2014,Set 1,EC,45,2,MCQ,EC.1,Engineering Mathematics,EC.1.3,Differential Equations,EC.1.3.1,Linear differential equations,yes,,First-order ODE step response with initial condition,EC2014.pdf
2014-1-46,2014,Set 1,EC,46,2,MCQ,EC.6,Control Systems,EC.6.6,State-Space Analysis,EC.6.6.1,State variable model,yes,,Controllability and observability,EC2014.pdf
2014-1-47,2014,Set 1,EC,47,2,NAT,EC.6,Control Systems,EC.6.4,Frequency Response and Root Locus,EC.6.4.2,Bode plots,yes,,Phase margin from asymptotic Bode plot,EC2014.pdf
2014-1-48,2014,Set 1,EC,48,2,MCQ,EC.6,Control Systems,EC.6.5,Compensators and Controllers,EC.6.5.1,Compensators,yes,,Compensator to meet settling time,EC2014.pdf
2014-1-49,2014,Set 1,EC,49,2,MCQ,EC.1,Engineering Mathematics,EC.1.6,Probability and Statistics,EC.1.6.1,"Mean, median, mode, standard deviation",yes,,E[X^2] vs (E[X])^2,EC2014.pdf
2014-1-50,2014,Set 1,EC,50,2,MCQ,EC.7,Communications,EC.7.1,Random Processes,EC.7.1.1,Autocorrelation,yes,,Autocorrelation of random-phase sinusoid,EC2014.pdf
2014-1-51,2014,Set 1,EC,51,2,NAT,EC.7,Communications,EC.7.4,Digital Communications,EC.7.4.8,SNR and BER,yes,,BPSK BER with two AWGN channels,EC2014.pdf
2014-1-52,2014,Set 1,EC,52,2,NAT,EC.7,Communications,EC.7.3,Information Theory,EC.7.3.1,Entropy,yes,,Entropy of geometric RV (tosses to first head),EC2014.pdf
2014-1-53,2014,Set 1,EC,53,2,NAT,EC.8,Electromagnetics,EC.8.6,Antennas,EC.8.6.1,Dipole antennas,yes,,Dipole far-field: radiated power,EC2014.pdf
2014-1-54,2014,Set 1,EC,54,2,MCQ,EC.8,Electromagnetics,EC.8.3,Transmission Lines,EC.8.3.2,Characteristic impedance,yes,,Parallel-plate line: v and Z vs spacing,EC2014.pdf
2014-1-55,2014,Set 1,EC,55,2,NAT,EC.8,Electromagnetics,EC.8.3,Transmission Lines,EC.8.3.4,Impedance transformation,yes,,λ/8 line real input impedance: find R,EC2014.pdf
2014-2-GA1,2014,Set 2,GA,GA1,1,MCQ,GA.1,Verbal Aptitude,GA.1.1,Grammar and Usage,,,yes,,Word completion (both),EC2014.pdf
2014-2-GA2,2014,Set 2,GA,GA2,1,MCQ,GA.1,Verbal Aptitude,GA.1.1,Grammar and Usage,,,yes,,Sentence completion (conditional),EC2014.pdf
2014-2-GA3,2014,Set 2,GA,GA3,1,MCQ,GA.1,Verbal Aptitude,GA.1.2,Vocabulary,,,yes,,"Word pair (bear, losing)",EC2014.pdf
2014-2-GA4,2014,Set 2,GA,GA4,1,MCQ,GA.2,Quantitative Aptitude,GA.2.4,Probability and Statistics,,,yes,,Die frequencies: fair or not,EC2014.pdf
2014-2-GA5,2014,Set 2,GA,GA5,1,NAT,GA.3,Analytical Aptitude,GA.3.3,Series and Coding,,,yes,,Missing number in series,EC2014.pdf
2014-2-GA6,2014,Set 2,GA,GA6,2,MCQ,GA.3,Analytical Aptitude,GA.3.2,Classification,,,yes,,Odd one out in letter groups,EC2014.pdf
2014-2-GA7,2014,Set 2,GA,GA7,2,MCQ,GA.3,Analytical Aptitude,GA.3.1,Logical Reasoning,,,yes,,Coloured lights on ladder: deduction,EC2014.pdf
2014-2-GA8,2014,Set 2,GA,GA8,2,NAT,GA.2,Quantitative Aptitude,GA.2.2,Arithmetic and Algebra,,,yes,,Consecutive odd/even numbers,EC2014.pdf
2014-2-GA9,2014,Set 2,GA,GA9,2,MCQ,GA.2,Quantitative Aptitude,GA.2.1,Data Interpretation,,,yes,,Exports pie charts interpretation,EC2014.pdf
2014-2-GA10,2014,Set 2,GA,GA10,2,MCQ,GA.2,Quantitative Aptitude,GA.2.2,Arithmetic and Algebra,,,yes,,Tank filling/draining rate,EC2014.pdf
2014-2-1,2014,Set 2,EC,1,1,NAT,EC.1,Engineering Mathematics,EC.1.1,Linear Algebra,EC.1.1.4,Matrix algebra,yes,,Determinant of product AB,EC2014.pdf
2014-2-2,2014,Set 2,EC,2,1,NAT,EC.1,Engineering Mathematics,EC.1.6,Probability and Statistics,EC.1.6.1,"Mean, median, mode, standard deviation",yes,,Expectation of uniform over odd numbers,EC2014.pdf
2014-2-3,2014,Set 2,EC,3,1,MCQ,EC.1,Engineering Mathematics,EC.1.2,Calculus,EC.1.2.5,Maxima and minima,yes,,Maximum of e^-t - 2e^-2t,EC2014.pdf
2014-2-4,2014,Set 2,EC,4,1,MCQ,EC.1,Engineering Mathematics,EC.1.2,Calculus,,,yes,,Limit (1+1/x)^x,EC2014.pdf
2014-2-5,2014,Set 2,EC,5,1,MCQ,EC.1,Engineering Mathematics,EC.1.3,Differential Equations,EC.1.3.1,Linear differential equations,yes,,Equal roots of characteristic equation,EC2014.pdf
2014-2-6,2014,Set 2,EC,6,1,MCQ,EC.2,"Networks, Signals and Systems",EC.2.1,Circuit Analysis,EC.2.1.4,Norton's theorem,yes,,Statement of Norton's theorem,EC2014.pdf
2014-2-7,2014,Set 2,EC,7,1,NAT,EC.2,"Networks, Signals and Systems",EC.2.3,Time and Frequency Domain Analysis of Linear Circuits,,,yes,,Current at t=0+ after switch closes,EC2014.pdf
2014-2-8,2014,Set 2,EC,8,1,MCQ,EC.3,Electronic Devices,EC.3.1,Energy Bands and Carrier Concentration,EC.3.1.3,Equilibrium carrier concentration,yes,,"Equilibrium n0, p0 in doped silicon",EC2014.pdf
2014-2-9,2014,Set 2,EC,9,1,MCQ,EC.3,Electronic Devices,EC.3.3,Semiconductor Devices,EC.3.3.3,BJT,yes,,Effect of base recombination on BJT,EC2014.pdf
2014-2-10,2014,Set 2,EC,10,1,MCQ,EC.3,Electronic Devices,EC.3.3,Semiconductor Devices,,,no,IC fabrication,Forming shallow wells (ion implantation),EC2014.pdf
2014-2-11,2014,Set 2,EC,11,1,MCQ,EC.4,Analog Circuits,EC.4.2,BJT and MOSFET Amplifiers,,,no,Feedback amplifiers,Feedback topology identification,EC2014.pdf
2014-2-12,2014,Set 2,EC,12,1,MCQ,EC.4,Analog Circuits,EC.4.2,BJT and MOSFET Amplifiers,EC.4.2.6,Differential amplifiers,yes,,Diff amp: effect of increasing RE on CMRR,EC2014.pdf
2014-2-13,2014,Set 2,EC,13,1,NAT,EC.4,Analog Circuits,EC.4.2,BJT and MOSFET Amplifiers,,,yes,,Overall gain of cascaded voltage amplifiers,EC2014.pdf
2014-2-14,2014,Set 2,EC,14,1,MCQ,EC.5,Digital Circuits,EC.5.2,Combinational Circuits,EC.5.2.3,Karnaugh map minimization,yes,,Maximum number of prime implicants,EC2014.pdf
2014-2-15,2014,Set 2,EC,15,1,NAT,EC.5,Digital Circuits,EC.5.1,Number Representations,EC.5.1.1,Binary numbers,yes,,Bytes for packed BCD number,EC2014.pdf
2014-2-16,2014,Set 2,EC,16,1,MCQ,EC.5,Digital Circuits,EC.5.2,Combinational Circuits,EC.5.2.5,Arithmetic circuits,yes,,Half-subtractor borrow and difference,EC2014.pdf
2014-2-17,2014,Set 2,EC,17,1,MCQ,EC.2,"Networks, Signals and Systems",EC.2.5,LTI Systems,EC.2.5.6,Poles and zeros,yes,,FIR system: minimum/maximum phase,EC2014.pdf
2014-2-18,2014,Set 2,EC,18,1,MCQ,EC.2,"Networks, Signals and Systems",EC.2.7,Discrete-time Signals,EC.2.7.3,z-transform,yes,,Zeros of z-transform of even sequence,EC2014.pdf
2014-2-19,2014,Set 2,EC,19,1,NAT,EC.2,"Networks, Signals and Systems",EC.2.6,Continuous-time Signals,EC.2.6.1,Fourier series,yes,,Power ratio of square-wave harmonics,EC2014.pdf
2014-2-20,2014,Set 2,EC,20,1,NAT,EC.6,Control Systems,EC.6.2,Time-Domain Analysis,EC.6.2.1,Transient analysis of LTI systems,yes,,Damped natural frequency,EC2014.pdf
2014-2-21,2014,Set 2,EC,21,1,MCQ,EC.6,Control Systems,EC.6.1,System Modelling,EC.6.1.4,Block diagram representation,yes,,Transfer function from block diagram,EC2014.pdf
2014-2-22,2014,Set 2,EC,22,1,MCQ,EC.7,Communications,EC.7.3,Information Theory,EC.7.3.4,Channel capacity theorem,yes,,AWGN capacity as bandwidth grows,EC2014.pdf
2014-2-23,2014,Set 2,EC,23,1,NAT,EC.7,Communications,EC.7.2,Analog Communications,EC.7.2.1,Amplitude modulation and demodulation,yes,,AM modulation index from envelope,EC2014.pdf
2014-2-24,2014,Set 2,EC,24,1,NAT,EC.8,Electromagnetics,EC.8.3,Transmission Lines,EC.8.3.3,Impedance matching,yes,,Quarter-wave transformer impedance,EC2014.pdf
2014-2-25,2014,Set 2,EC,25,1,MCQ,EC.8,Electromagnetics,EC.8.1,Maxwell's Equations,EC.8.1.4,Poynting vector,yes,,TEM wave direction from E and H,EC2014.pdf
2014-2-26,2014,Set 2,EC,26,2,MCQ,EC.1,Engineering Mathematics,EC.1.1,Linear Algebra,EC.1.1.7,Solution of linear equations - existence and uniqueness,yes,,Consistency of linear system,EC2014.pdf
2014-2-27,2014,Set 2,EC,27,2,MCQ,EC.1,Engineering Mathematics,EC.1.5,Complex Analysis,EC.1.5.1,Analytic functions,yes,,Imaginary part of analytic function,EC2014.pdf
2014-2-28,2014,Set 2,EC,28,2,NAT,EC.1,Engineering Mathematics,EC.1.1,Linear Algebra,EC.1.1.4,Matrix algebra,yes,,Max determinant of symmetric matrix with trace 14,EC2014.pdf
2014-2-29,2014,Set 2,EC,29,2,NAT,EC.1,Engineering Mathematics,EC.1.4,Vector Analysis,EC.1.4.3,"Gradient, divergence and curl",yes,,Divergence of r^2 grad(ln r),EC2014.pdf
2014-2-30,2014,Set 2,EC,30,2,NAT,EC.2,"Networks, Signals and Systems",EC.2.3,Time and Frequency Domain Analysis of Linear Circuits,EC.2.3.3,RLC circuits,yes,,Series RLC off resonance: operating frequency,EC2014.pdf
2014-2-31,2014,Set 2,EC,31,2,NAT,EC.2,"Networks, Signals and Systems",EC.2.4,Two-Port Networks and Transformations,EC.2.4.1,Linear 2-port network parameters,yes,,h22 of resistive two-port,EC2014.pdf
2014-2-32,2014,Set 2,EC,32,2,MCQ,EC.2,"Networks, Signals and Systems",EC.2.3,Time and Frequency Domain Analysis of Linear Circuits,EC.2.3.2,RC circuits,yes,,RC circuit current for t>0,EC2014.pdf
2014-2-33,2014,Set 2,EC,33,2,NAT,EC.2,"Networks, Signals and Systems",EC.2.2,Sinusoidal Steady State Analysis,,,no,Magnetically coupled circuits,Mutual inductance from coupling coefficient,EC2014.pdf
2014-2-34,2014,Set 2,EC,34,2,NAT,EC.3,Electronic Devices,EC.3.2,Carrier Transport,EC.3.2.1,Diffusion current,yes,,Electron diffusion current density,EC2014.pdf
2014-2-35,2014,Set 2,EC,35,2,NAT,EC.3,Electronic Devices,EC.3.3,Semiconductor Devices,EC.3.3.1,P-N junction,yes,,Peak electric field in abrupt PN junction,EC2014.pdf
2014-2-36,2014,Set 2,EC,36,2,MCQ,EC.3,Electronic Devices,EC.3.3,Semiconductor Devices,EC.3.3.1,P-N junction,yes,,Depletion width split and max field,EC2014.pdf
2014-2-37,2014,Set 2,EC,37,2,MCQ,EC.4,Analog Circuits,EC.4.1,Diode Circuits,EC.4.1.1,Clipping,yes,,Diode clipper min/max output,EC2014.pdf
2014-2-38,2014,Set 2,EC,38,2,MCQ,EC.3,Electronic Devices,EC.3.3,Semiconductor Devices,EC.3.3.5,MOSFET,yes,,MOSFET drain current at new bias,EC2014.pdf
2014-2-39,2014,Set 2,EC,39,2,NAT,EC.4,Analog Circuits,EC.4.2,BJT and MOSFET Amplifiers,EC.4.2.1,Biasing,yes,,CMOS stack bias current,EC2014.pdf
2014-2-40,2014,Set 2,EC,40,2,MCQ,EC.5,Digital Circuits,EC.5.3,Sequential Circuits,EC.5.3.1,Latches and flip-flops,yes,,D flip-flop timing diagram with AND output,EC2014.pdf
2014-2-41,2014,Set 2,EC,41,2,MCQ,EC.5,Digital Circuits,EC.5.3,Sequential Circuits,EC.5.3.1,Latches and flip-flops,yes,,JK flip-flop sequence generation,EC2014.pdf
2014-2-42,2014,Set 2,EC,42,2,MCQ,EC.5,Digital Circuits,EC.5.6,Computer Organization,EC.5.6.1,Machine instructions and addressing modes,no,8085 microprocessor,8085 I/O interfacing instruction,EC2014.pdf
2014-2-43,2014,Set 2,EC,43,2,NAT,EC.2,"Networks, Signals and Systems",EC.2.5,LTI Systems,EC.2.5.5,Convolution,yes,,Self-convolution value y[4],EC2014.pdf
2014-2-44,2014,Set 2,EC,44,2,MCQ,EC.2,"Networks, Signals and Systems",EC.2.5,LTI Systems,EC.2.5.4,Impulse response,yes,,Impulse response sum of first-order recursion,EC2014.pdf
2014-2-45,2014,Set 2,EC,45,2,NAT,EC.2,"Networks, Signals and Systems",EC.2.6,Continuous-time Signals,EC.2.6.2,Fourier transform,yes,,Integral of sinc^2 (Parseval),EC2014.pdf
2014-2-46,2014,Set 2,EC,46,2,MCQ,EC.6,Control Systems,EC.6.6,State-Space Analysis,EC.6.6.2,Solution of state equation of LTI systems,yes,,Solution of unforced state equation,EC2014.pdf
2014-2-47,2014,Set 2,EC,47,2,NAT,EC.6,Control Systems,EC.6.2,Time-Domain Analysis,EC.6.2.2,Steady-state analysis of LTI systems,yes,,Ramp steady-state error from Bode plot,EC2014.pdf
2014-2-48,2014,Set 2,EC,48,2,MCQ,EC.6,Control Systems,EC.6.6,State-Space Analysis,EC.6.6.1,State variable model,yes,,Controllability/observability from SFG,EC2014.pdf
2014-2-49,2014,Set 2,EC,49,2,NAT,EC.1,Engineering Mathematics,EC.1.6,Probability and Statistics,EC.1.6.6,Exponential distribution,yes,,Quantizer threshold for exponential pdf,EC2014.pdf
2014-2-50,2014,Set 2,EC,50,2,MCQ,EC.7,Communications,EC.7.4,Digital Communications,EC.7.4.8,SNR and BER,yes,,Coherent BFSK error probability,EC2014.pdf
2014-2-51,2014,Set 2,EC,51,2,NAT,EC.7,Communications,EC.7.1,Random Processes,EC.7.1.1,Autocorrelation,yes,,Autocorrelation from PSD,EC2014.pdf
2014-2-52,2014,Set 2,EC,52,2,NAT,EC.7,Communications,EC.7.2,Analog Communications,EC.7.2.1,Amplitude modulation and demodulation,yes,,Frequency-translation/scrambler bandwidth,EC2014.pdf
2014-2-53,2014,Set 2,EC,53,2,MCQ,EC.8,Electromagnetics,EC.8.2,Plane Waves and Properties,EC.8.2.2,Polarization,yes,,Polarization of plane wave,EC2014.pdf
2014-2-54,2014,Set 2,EC,54,2,NAT,EC.8,Electromagnetics,EC.8.3,Transmission Lines,EC.8.3.4,Impedance transformation,yes,,Input impedance of transmission-line network,EC2014.pdf
2014-2-55,2014,Set 2,EC,55,2,NAT,EC.8,Electromagnetics,EC.8.4,Waveguides,EC.8.4.1,Rectangular waveguides,yes,,Waveguide dimension from cutoff relation,EC2014.pdf
2014-3-GA1,2014,Set 3,GA,GA1,1,MCQ,GA.1,Verbal Aptitude,GA.1.3,Reading Comprehension,,,yes,,Fact that best supports a claim,EC2014.pdf
2014-3-GA2,2014,Set 3,GA,GA2,1,MCQ,GA.1,Verbal Aptitude,GA.1.2,Vocabulary,,,yes,,Word completion (depreciated),EC2014.pdf
2014-3-GA3,2014,Set 3,GA,GA3,1,MCQ,GA.1,Verbal Aptitude,GA.1.1,Grammar and Usage,,,yes,,Part of speech of 'advice',EC2014.pdf
2014-3-GA4,2014,Set 3,GA,GA4,1,NAT,GA.3,Analytical Aptitude,GA.3.3,Series and Coding,,,yes,,Next term in geometric series,EC2014.pdf
2014-3-GA5,2014,Set 3,GA,GA5,1,MCQ,GA.3,Analytical Aptitude,GA.3.1,Logical Reasoning,,,yes,,Inequality chain: P < M definitely true,EC2014.pdf
2014-3-GA6,2014,Set 3,GA,GA6,2,MCQ,GA.3,Analytical Aptitude,GA.3.3,Series and Coding,,,yes,,Alphanumeric sequence,EC2014.pdf
2014-3-GA7,2014,Set 3,GA,GA7,2,MCQ,GA.2,Quantitative Aptitude,GA.2.1,Data Interpretation,,,yes,,Hierarchical pie chart conclusions,EC2014.pdf
2014-3-GA8,2014,Set 3,GA,GA8,2,NAT,GA.2,Quantitative Aptitude,GA.2.2,Arithmetic and Algebra,,,yes,,Boat and stream speed,EC2014.pdf
2014-3-GA9,2014,Set 3,GA,GA9,2,NAT,GA.2,Quantitative Aptitude,GA.2.1,Data Interpretation,,,yes,,Cost pie chart interpretation,EC2014.pdf
2014-3-GA10,2014,Set 3,GA,GA10,2,NAT,GA.2,Quantitative Aptitude,GA.2.4,Probability and Statistics,,,yes,,Probability batch of bulbs accepted,EC2014.pdf
2014-3-1,2014,Set 3,EC,1,1,NAT,EC.1,Engineering Mathematics,EC.1.2,Calculus,EC.1.2.5,Maxima and minima,yes,,Maximum of ln(1+x) - x,EC2014.pdf
2014-3-2,2014,Set 3,EC,2,1,MCQ,EC.1,Engineering Mathematics,EC.1.3,Differential Equations,EC.1.3.1,Linear differential equations,yes,,Identify linear non-homogeneous ODE,EC2014.pdf
2014-3-3,2014,Set 3,EC,3,1,MCQ,EC.1,Engineering Mathematics,,,,,no,Numerical methods,Match applications to numerical methods,EC2014.pdf
2014-3-4,2014,Set 3,EC,4,1,MCQ,EC.1,Engineering Mathematics,EC.1.6,Probability and Statistics,EC.1.6.4,Binomial distribution,yes,,Fourth head on tenth toss,EC2014.pdf
2014-3-5,2014,Set 3,EC,5,1,MCQ,EC.1,Engineering Mathematics,EC.1.2,Calculus,EC.1.2.4,Partial derivatives,yes,,Partial derivatives of xy ln(xy),EC2014.pdf
2014-3-6,2014,Set 3,EC,6,1,MCQ,EC.2,"Networks, Signals and Systems",EC.2.3,Time and Frequency Domain Analysis of Linear Circuits,EC.2.3.2,RC circuits,yes,,RC charging current waveform,EC2014.pdf
2014-3-7,2014,Set 3,EC,7,1,NAT,EC.2,"Networks, Signals and Systems",EC.2.1,Circuit Analysis,EC.2.1.1,Node and mesh analysis,yes,,Current in resistive circuit,EC2014.pdf
2014-3-8,2014,Set 3,EC,8,1,MCQ,EC.3,Electronic Devices,EC.3.3,Semiconductor Devices,,,no,IC fabrication,Step that defines MOSFET channel length,EC2014.pdf
2014-3-9,2014,Set 3,EC,9,1,MCQ,EC.3,Electronic Devices,EC.3.2,Carrier Transport,EC.3.2.4,Generation and recombination of carriers,yes,,Recombination rate dependence,EC2014.pdf
2014-3-10,2014,Set 3,EC,10,1,NAT,EC.3,Electronic Devices,EC.3.2,Carrier Transport,EC.3.2.1,Diffusion current,yes,,Hole diffusion constant (Einstein relation),EC2014.pdf
2014-3-11,2014,Set 3,EC,11,1,MCQ,EC.4,Analog Circuits,EC.4.2,BJT and MOSFET Amplifiers,,,yes,,Ideal transconductance amplifier impedances,EC2014.pdf
2014-3-12,2014,Set 3,EC,12,1,NAT,EC.4,Analog Circuits,EC.4.2,BJT and MOSFET Amplifiers,EC.4.2.1,Biasing,yes,,PNP bias: RC for given output,EC2014.pdf
2014-3-13,2014,Set 3,EC,13,1,NAT,EC.4,Analog Circuits,EC.4.1,Diode Circuits,EC.4.1.3,Rectifiers,yes,,Half-wave rectifier average diode current,EC2014.pdf
2014-3-14,2014,Set 3,EC,14,1,NAT,EC.5,Digital Circuits,EC.5.4,Data Converters,EC.5.4.2,ADCs,yes,,Maximum quantization error of 4-bit ADC,EC2014.pdf
2014-3-15,2014,Set 3,EC,15,1,MCQ,EC.5,Digital Circuits,EC.5.3,Sequential Circuits,EC.5.3.1,Latches and flip-flops,yes,,Identify latch-based flip-flop,EC2014.pdf
2014-3-16,2014,Set 3,EC,16,1,MCQ,EC.5,Digital Circuits,EC.5.2,Combinational Circuits,EC.5.2.7,Multiplexers,yes,,Boolean function of MUX circuit,EC2014.pdf
2014-3-17,2014,Set 3,EC,17,1,MCQ,EC.2,"Networks, Signals and Systems",EC.2.6,Continuous-time Signals,EC.2.6.4,Sampling and reconstruction,yes,,Aliasing after sampling and reconstruction,EC2014.pdf
2014-3-18,2014,Set 3,EC,18,1,MCQ,EC.2,"Networks, Signals and Systems",EC.2.5,LTI Systems,EC.2.5.6,Poles and zeros,yes,,All-pass system pole-zero relation,EC2014.pdf
2014-3-19,2014,Set 3,EC,19,1,NAT,EC.2,"Networks, Signals and Systems",EC.2.6,Continuous-time Signals,EC.2.6.3,Nyquist sampling theorem,yes,,Minimum sampling rate for bandpass signal,EC2014.pdf
2014-3-20,2014,Set 3,EC,20,1,MCQ,EC.6,Control Systems,EC.6.1,System Modelling,EC.6.1.4,Block diagram representation,yes,,Block diagram transfer function,EC2014.pdf
2014-3-21,2014,Set 3,EC,21,1,NAT,EC.2,"Networks, Signals and Systems",EC.2.5,LTI Systems,EC.2.5.6,Poles and zeros,yes,,Output with pole-zero cancellation,EC2014.pdf
2014-3-22,2014,Set 3,EC,22,1,MCQ,EC.2,"Networks, Signals and Systems",EC.2.5,LTI Systems,EC.2.5.8,Group delay and phase delay,yes,,Propagation delay from phase response,EC2014.pdf
2014-3-23,2014,Set 3,EC,23,1,MCQ,EC.7,Communications,EC.7.2,Analog Communications,EC.7.2.2,Angle modulation and demodulation,yes,,Maximum frequency deviation of FM signal,EC2014.pdf
2014-3-24,2014,Set 3,EC,24,1,NAT,EC.8,Electromagnetics,EC.8.4,Waveguides,EC.8.4.1,Rectangular waveguides,yes,,Cutoff of TE21 mode,EC2014.pdf
2014-3-25,2014,Set 3,EC,25,1,MCQ,EC.8,Electromagnetics,EC.8.3,Transmission Lines,EC.8.3.3,Impedance matching,yes,,Distortion due to impedance mismatch,EC2014.pdf
2014-3-26,2014,Set 3,EC,26,2,NAT,EC.1,Engineering Mathematics,EC.1.2,Calculus,EC.1.2.5,Maxima and minima,yes,,Maximum of cubic on interval,EC2014.pdf
2014-3-27,2014,Set 3,EC,27,2,MCQ,EC.1,Engineering Mathematics,EC.1.1,Linear Algebra,EC.1.1.5,Eigenvalues and eigenvectors,yes,,False statement about eigenvalues,EC2014.pdf
2014-3-28,2014,Set 3,EC,28,2,NAT,EC.1,Engineering Mathematics,EC.1.6,Probability and Statistics,EC.1.6.1,"Mean, median, mode, standard deviation",yes,,Expected tosses until both faces appear,EC2014.pdf
2014-3-29,2014,Set 3,EC,29,2,NAT,EC.1,Engineering Mathematics,EC.1.6,Probability and Statistics,EC.1.6.3,Probability distributions,yes,,P(X1 + X2 <= X3) for uniforms,EC2014.pdf
2014-3-30,2014,Set 3,EC,30,2,MCQ,EC.2,"Networks, Signals and Systems",EC.2.3,Time and Frequency Domain Analysis of Linear Circuits,EC.2.3.4,Solution of network equations using Laplace transform,yes,,Transfer function of cascaded RC networks,EC2014.pdf
2014-3-31,2014,Set 3,EC,31,2,MCQ,EC.2,"Networks, Signals and Systems",EC.2.2,Sinusoidal Steady State Analysis,EC.2.2.1,Phasors,yes,,Node voltage in phasor circuit,EC2014.pdf
2014-3-32,2014,Set 3,EC,32,2,NAT,EC.2,"Networks, Signals and Systems",EC.2.1,Circuit Analysis,EC.2.1.4,Norton's theorem,yes,,Frequency for resistive Norton impedance,EC2014.pdf
2014-3-33,2014,Set 3,EC,33,2,NAT,EC.2,"Networks, Signals and Systems",EC.2.4,Two-Port Networks and Transformations,EC.2.4.2,Wye-delta transformation,yes,,Y to delta conversion,EC2014.pdf
2014-3-34,2014,Set 3,EC,34,2,MCQ,EC.3,Electronic Devices,EC.3.3,Semiconductor Devices,EC.3.3.1,P-N junction,yes,,Built-in potential and depletion width,EC2014.pdf
2014-3-35,2014,Set 3,EC,35,2,NAT,EC.3,Electronic Devices,EC.3.3,Semiconductor Devices,EC.3.3.5,MOSFET,yes,,MOSFET sqrt(ID) slope in saturation,EC2014.pdf
2014-3-36,2014,Set 3,EC,36,2,NAT,EC.3,Electronic Devices,EC.3.3,Semiconductor Devices,EC.3.3.4,MOS capacitor,yes,,MOS capacitor gate voltage from depletion,EC2014.pdf
2014-3-37,2014,Set 3,EC,37,2,MCQ,EC.4,Analog Circuits,EC.4.2,BJT and MOSFET Amplifiers,EC.4.2.1,Biasing,yes,,BJT region for different RC,EC2014.pdf
2014-3-38,2014,Set 3,EC,38,2,MCQ,EC.4,Analog Circuits,EC.4.3,Op-amp Circuits,EC.4.3.1,Amplifiers,yes,,"Op-amp output in terms of V1, V2",EC2014.pdf
2014-3-39,2014,Set 3,EC,39,2,NAT,EC.3,Electronic Devices,EC.3.3,Semiconductor Devices,EC.3.3.5,MOSFET,yes,,Vin at saturation-to-linear transition,EC2014.pdf
2014-3-40,2014,Set 3,EC,40,2,MCQ,EC.5,Digital Circuits,EC.5.5,Semiconductor Memories,EC.5.5.2,SRAM,yes,,Identify SRAM cell,EC2014.pdf
2014-3-41,2014,Set 3,EC,41,2,MCQ,EC.5,Digital Circuits,EC.5.2,Combinational Circuits,EC.5.2.7,Multiplexers,yes,,Output of two 4:1 MUX circuit,EC2014.pdf
2014-3-42,2014,Set 3,EC,42,2,MCQ,EC.5,Digital Circuits,EC.5.2,Combinational Circuits,EC.5.2.5,Arithmetic circuits,yes,,Half-subtractor using 2:1 MUXes,EC2014.pdf
2014-3-43,2014,Set 3,EC,43,2,NAT,EC.2,"Networks, Signals and Systems",EC.2.7,Discrete-time Signals,EC.2.7.3,z-transform,yes,,Parameter for zero on unit circle,EC2014.pdf
2014-3-44,2014,Set 3,EC,44,2,MCQ,EC.2,"Networks, Signals and Systems",EC.2.5,LTI Systems,EC.2.5.3,Stability,yes,,Stability/causality statements,EC2014.pdf
2014-3-45,2014,Set 3,EC,45,2,NAT,EC.2,"Networks, Signals and Systems",EC.2.7,Discrete-time Signals,EC.2.7.3,z-transform,yes,,Inverse z-transform value x[2],EC2014.pdf
2014-3-46,2014,Set 3,EC,46,2,NAT,EC.6,Control Systems,EC.6.2,Time-Domain Analysis,EC.6.2.2,Steady-state analysis of LTI systems,yes,,Steady-state error for step input,EC2014.pdf
2014-3-47,2014,Set 3,EC,47,2,MCQ,EC.6,Control Systems,EC.6.6,State-Space Analysis,EC.6.6.2,Solution of state equation of LTI systems,yes,,State response by linearity,EC2014.pdf
2014-3-48,2014,Set 3,EC,48,2,MCQ,EC.6,Control Systems,EC.6.4,Frequency Response and Root Locus,EC.6.4.3,Root-locus plots,yes,,Transfer function from root locus,EC2014.pdf
2014-3-49,2014,Set 3,EC,49,2,MCQ,EC.7,Communications,EC.7.1,Random Processes,EC.7.1.2,Power spectral density,yes,,PSD of time-scaled process,EC2014.pdf
2014-3-50,2014,Set 3,EC,50,2,NAT,EC.7,Communications,EC.7.1,Random Processes,EC.7.1.4,Filtering of random signals through LTI systems,yes,,Power of modulated process after BPF,EC2014.pdf
2014-3-51,2014,Set 3,EC,51,2,NAT,EC.7,Communications,EC.7.4,Digital Communications,EC.7.4.1,PCM,yes,,PCM minimum data rate,EC2014.pdf
2014-3-52,2014,Set 3,EC,52,2,NAT,EC.7,Communications,EC.7.3,Information Theory,EC.7.3.1,Entropy,yes,,Entropy of outputs of cascaded BSCs,EC2014.pdf
2014-3-53,2014,Set 3,EC,53,2,NAT,EC.1,Engineering Mathematics,EC.1.4,Vector Analysis,EC.1.4.3,"Gradient, divergence and curl",yes,,Magnitude of curl,EC2014.pdf
2014-3-54,2014,Set 3,EC,54,2,MCQ,EC.8,Electromagnetics,EC.8.1,Maxwell's Equations,EC.8.1.2,Boundary conditions,yes,,Tangential H from surface current,EC2014.pdf
2014-3-55,2014,Set 3,EC,55,2,NAT,EC.8,Electromagnetics,EC.8.2,Plane Waves and Properties,EC.8.2.1,Reflection and refraction,yes,,Angle of transmission into dielectric,EC2014.pdf
2014-4-GA1,2014,Set 4,GA,GA1,1,MCQ,GA.1,Verbal Aptitude,GA.1.2,Vocabulary,,,yes,,Closest meaning (dissent),EC2014.pdf
2014-4-GA2,2014,Set 4,GA,GA2,1,MCQ,GA.1,Verbal Aptitude,GA.1.2,Vocabulary,,,yes,,Meaning of 'revert',EC2014.pdf
2014-4-GA3,2014,Set 4,GA,GA3,1,MCQ,GA.1,Verbal Aptitude,GA.1.2,Vocabulary,,,yes,,Meaning of 'vindicated',EC2014.pdf
2014-4-GA4,2014,Set 4,GA,GA4,1,MCQ,GA.2,Quantitative Aptitude,GA.2.2,Arithmetic and Algebra,,,yes,,Effect of scaling x and y on x^n y^m,EC2014.pdf
2014-4-GA5,2014,Set 4,GA,GA5,1,NAT,GA.2,Quantitative Aptitude,GA.2.2,Arithmetic and Algebra,,,yes,,Sum of consecutive odd numbers,EC2014.pdf
2014-4-GA6,2014,Set 4,GA,GA6,2,MCQ,GA.3,Analytical Aptitude,GA.3.3,Series and Coding,,,yes,,Alphanumeric sequence,EC2014.pdf
2014-4-GA7,2014,Set 4,GA,GA7,2,MCQ,GA.3,Analytical Aptitude,GA.3.3,Series and Coding,,,yes,,Coding-decoding of phrases,EC2014.pdf
2014-4-GA8,2014,Set 4,GA,GA8,2,MCQ,GA.2,Quantitative Aptitude,GA.2.2,Arithmetic and Algebra,,,yes,,Uniform annual growth rate,EC2014.pdf
2014-4-GA9,2014,Set 4,GA,GA9,2,NAT,GA.2,Quantitative Aptitude,GA.2.1,Data Interpretation,,,yes,,Cost pie chart interpretation,EC2014.pdf
2014-4-GA10,2014,Set 4,GA,GA10,2,MCQ,GA.2,Quantitative Aptitude,GA.2.2,Arithmetic and Algebra,,,yes,,Sum of all 5-digit permutations,EC2014.pdf
2014-4-1,2014,Set 4,EC,1,1,MCQ,EC.1,Engineering Mathematics,EC.1.5,Complex Analysis,EC.1.5.4,"Sequences, series and convergence tests",yes,,Sum of series 1/n!,EC2014.pdf
2014-4-2,2014,Set 4,EC,2,1,NAT,EC.1,Engineering Mathematics,EC.1.4,Vector Analysis,EC.1.4.3,"Gradient, divergence and curl",yes,,Magnitude of gradient,EC2014.pdf
2014-4-3,2014,Set 4,EC,3,1,NAT,EC.1,Engineering Mathematics,EC.1.6,Probability and Statistics,EC.1.6.7,Normal distribution,yes,,E[|X|] for standard Gaussian,EC2014.pdf
2014-4-4,2014,Set 4,EC,4,1,MCQ,EC.1,Engineering Mathematics,EC.1.3,Differential Equations,EC.1.3.1,Linear differential equations,yes,,General solution with repeated roots,EC2014.pdf
2014-4-5,2014,Set 4,EC,5,1,NAT,EC.1,Engineering Mathematics,EC.1.4,Vector Analysis,EC.1.4.3,"Gradient, divergence and curl",yes,,Directional derivative,EC2014.pdf
2014-4-6,2014,Set 4,EC,6,1,MCQ,EC.2,"Networks, Signals and Systems",EC.2.1,Circuit Analysis,,,yes,,Identify controlled-source type,EC2014.pdf
2014-4-7,2014,Set 4,EC,7,1,NAT,EC.2,"Networks, Signals and Systems",EC.2.1,Circuit Analysis,EC.2.1.1,Node and mesh analysis,yes,,Current through resistor,EC2014.pdf
2014-4-8,2014,Set 4,EC,8,1,MCQ,EC.3,Electronic Devices,EC.3.1,Energy Bands and Carrier Concentration,EC.3.1.2,Energy bands in intrinsic and extrinsic semiconductors,yes,,Wavelength range for GaAs absorption,EC2014.pdf
2014-4-9,2014,Set 4,EC,9,1,MCQ,EC.3,Electronic Devices,EC.3.1,Energy Bands and Carrier Concentration,EC.3.1.3,Equilibrium carrier concentration,yes,,ln(intrinsic resistivity) vs 1/T slope,EC2014.pdf
2014-4-10,2014,Set 4,EC,10,1,NAT,EC.3,Electronic Devices,EC.3.1,Energy Bands and Carrier Concentration,EC.3.1.2,Energy bands in intrinsic and extrinsic semiconductors,yes,,Cutoff wavelength for bandgap 1.1 eV,EC2014.pdf
2014-4-11,2014,Set 4,EC,11,1,MCQ,EC.4,Analog Circuits,EC.4.2,BJT and MOSFET Amplifiers,EC.4.2.3,Small signal analysis,yes,,Unbypassed emitter resistance effect,EC2014.pdf
2014-4-12,2014,Set 4,EC,12,1,MCQ,EC.4,Analog Circuits,EC.4.1,Diode Circuits,EC.4.1.1,Clipping,yes,,Two-diode clipper transfer range,EC2014.pdf
2014-4-13,2014,Set 4,EC,13,1,MCQ,EC.4,Analog Circuits,EC.4.3,Op-amp Circuits,,,no,Multivibrators and 555 timer,Identify op-amp monostable multivibrator,EC2014.pdf
2014-4-14,2014,Set 4,EC,14,1,MCQ,EC.5,Digital Circuits,EC.5.4,Data Converters,EC.5.4.1,Sample and hold circuits,yes,,Hold capacitor: droop vs acquisition time,EC2014.pdf
2014-4-15,2014,Set 4,EC,15,1,MCQ,EC.5,Digital Circuits,EC.5.2,Combinational Circuits,EC.5.2.1,Boolean algebra,yes,,Logic circuit output with C=0,EC2014.pdf
2014-4-16,2014,Set 4,EC,16,1,MCQ,EC.5,Digital Circuits,EC.5.2,Combinational Circuits,EC.5.2.1,Boolean algebra,yes,,Output of logic circuit,EC2014.pdf
2014-4-17,2014,Set 4,EC,17,1,NAT,EC.2,"Networks, Signals and Systems",EC.2.7,Discrete-time Signals,EC.2.7.1,DTFT,yes,,DTFT pair: find constant A,EC2014.pdf
2014-4-18,2014,Set 4,EC,18,1,MCQ,EC.2,"Networks, Signals and Systems",EC.2.5,LTI Systems,EC.2.5.8,Group delay and phase delay,yes,,Output of linear-phase band-limited system,EC2014.pdf
2014-4-19,2014,Set 4,EC,19,1,NAT,EC.2,"Networks, Signals and Systems",EC.2.5,LTI Systems,EC.2.5.5,Convolution,yes,,Sum of self-convolved sequence,EC2014.pdf
2014-4-20,2014,Set 4,EC,20,1,MCQ,EC.6,Control Systems,EC.6.4,Frequency Response and Root Locus,EC.6.4.2,Bode plots,yes,,High-frequency Bode slope of 4th-order system,EC2014.pdf
2014-4-21,2014,Set 4,EC,21,1,MCQ,EC.6,Control Systems,EC.6.2,Time-Domain Analysis,EC.6.2.1,Transient analysis of LTI systems,yes,,Natural frequency of second-order loop,EC2014.pdf
2014-4-22,2014,Set 4,EC,22,1,MCQ,EC.1,Engineering Mathematics,EC.1.6,Probability and Statistics,EC.1.6.5,Poisson distribution,yes,,Distribution of number of calls (Poisson),EC2014.pdf
2014-4-23,2014,Set 4,EC,23,1,NAT,EC.7,Communications,EC.7.2,Analog Communications,EC.7.2.1,Amplitude modulation and demodulation,yes,,AM sideband-to-carrier power ratio,EC2014.pdf
2014-4-24,2014,Set 4,EC,24,1,NAT,EC.8,Electromagnetics,EC.8.1,Maxwell's Equations,EC.8.1.4,Poynting vector,yes,,Average power density at 2 km,EC2014.pdf
2014-4-25,2014,Set 4,EC,25,1,MCQ,EC.8,Electromagnetics,EC.8.6,Antennas,,,yes,,Match antenna types to radiation properties,EC2014.pdf
2014-4-26,2014,Set 4,EC,26,2,NAT,EC.1,Engineering Mathematics,EC.1.3,Differential Equations,EC.1.3.8,Initial and boundary value problems,yes,,Second-order ODE initial value problem,EC2014.pdf
2014-4-27,2014,Set 4,EC,27,2,NAT,EC.1,Engineering Mathematics,EC.1.6,Probability and Statistics,EC.1.6.8,Joint and conditional probability,yes,,Lost parcel: conditional probability,EC2014.pdf
2014-4-28,2014,Set 4,EC,28,2,MCQ,EC.2,"Networks, Signals and Systems",EC.2.5,LTI Systems,,,yes,,Laplace transform of t·f(t),EC2014.pdf
2014-4-29,2014,Set 4,EC,29,2,MCQ,EC.1,Engineering Mathematics,EC.1.2,Calculus,EC.1.2.5,Maxima and minima,yes,,Maximum area of right triangle,EC2014.pdf
2014-4-30,2014,Set 4,EC,30,2,MCQ,EC.2,"Networks, Signals and Systems",EC.2.2,Sinusoidal Steady State Analysis,EC.2.2.1,Phasors,yes,,RC network frequency for given amplitude,EC2014.pdf
2014-4-31,2014,Set 4,EC,31,2,NAT,EC.2,"Networks, Signals and Systems",EC.2.3,Time and Frequency Domain Analysis of Linear Circuits,EC.2.3.1,RL circuits,yes,,RL circuit with dependent source as t→∞,EC2014.pdf
2014-4-32,2014,Set 4,EC,32,2,NAT,EC.2,"Networks, Signals and Systems",EC.2.1,Circuit Analysis,,,yes,,Infinite resistive ladder equivalent resistance,EC2014.pdf
2014-4-33,2014,Set 4,EC,33,2,MCQ,EC.2,"Networks, Signals and Systems",EC.2.4,Two-Port Networks and Transformations,EC.2.4.1,Linear 2-port network parameters,yes,,Z-parameters of two-port,EC2014.pdf
2014-4-34,2014,Set 4,EC,34,2,NAT,EC.3,Electronic Devices,EC.3.1,Energy Bands and Carrier Concentration,EC.3.1.3,Equilibrium carrier concentration,yes,,Electron concentration after compensation doping,EC2014.pdf
2014-4-35,2014,Set 4,EC,35,2,NAT,EC.3,Electronic Devices,EC.3.3,Semiconductor Devices,EC.3.3.3,BJT,yes,,VBE difference for BJTs of different area,EC2014.pdf
2014-4-36,2014,Set 4,EC,36,2,MCQ,EC.3,Electronic Devices,EC.3.1,Energy Bands and Carrier Concentration,EC.3.1.2,Energy bands in intrinsic and extrinsic semiconductors,yes,,Energy band diagram of biased N-type bar,EC2014.pdf
2014-4-37,2014,Set 4,EC,37,2,MCQ,EC.4,Analog Circuits,EC.4.2,BJT and MOSFET Amplifiers,EC.4.2.3,Small signal analysis,yes,,Common-collector small-signal gain,EC2014.pdf
2014-4-38,2014,Set 4,EC,38,2,NAT,EC.4,Analog Circuits,EC.4.2,BJT and MOSFET Amplifiers,EC.4.2.3,Small signal analysis,yes,,CB input impedance matched to antenna,EC2014.pdf
2014-4-39,2014,Set 4,EC,39,2,NAT,EC.4,Analog Circuits,EC.4.2,BJT and MOSFET Amplifiers,EC.4.2.1,Biasing,yes,,Max undistorted swing of CC amplifier,EC2014.pdf
2014-4-40,2014,Set 4,EC,40,2,MCQ,EC.5,Digital Circuits,EC.5.2,Combinational Circuits,EC.5.2.7,Multiplexers,yes,,Function realised with 8:1 MUX,EC2014.pdf
2014-4-41,2014,Set 4,EC,41,2,NAT,EC.5,Digital Circuits,EC.5.2,Combinational Circuits,EC.5.2.5,Arithmetic circuits,yes,,Worst-case delay of ripple-carry adder,EC2014.pdf
2014-4-42,2014,Set 4,EC,42,2,MCQ,EC.5,Digital Circuits,EC.5.6,Computer Organization,EC.5.6.1,Machine instructions and addressing modes,no,8085 microprocessor,8085 STA: address bus sequence,EC2014.pdf
2014-4-43,2014,Set 4,EC,43,2,MCQ,EC.2,"Networks, Signals and Systems",EC.2.5,LTI Systems,EC.2.5.2,Causality,yes,,Cascade to make system causal,EC2014.pdf
2014-4-44,2014,Set 4,EC,44,2,NAT,EC.2,"Networks, Signals and Systems",EC.2.5,LTI Systems,EC.2.5.4,Impulse response,yes,,Impulse/step response of second-order system,EC2014.pdf
2014-4-45,2014,Set 4,EC,45,2,MCQ,EC.2,"Networks, Signals and Systems",EC.2.7,Discrete-time Signals,EC.2.7.2,DFT,yes,,Sequence satisfying DFT(DFT(x)) = x,EC2014.pdf
2014-4-46,2014,Set 4,EC,46,2,MCQ,EC.6,Control Systems,EC.6.6,State-Space Analysis,EC.6.6.2,Solution of state equation of LTI systems,yes,,State transition matrix,EC2014.pdf
2014-4-47,2014,Set 4,EC,47,2,NAT,EC.6,Control Systems,EC.6.3,Stability Analysis,EC.6.3.1,Routh-Hurwitz criterion,yes,,Max parameter for stability,EC2014.pdf
2014-4-48,2014,Set 4,EC,48,2,NAT,EC.6,Control Systems,EC.6.4,Frequency Response and Root Locus,EC.6.4.3,Root-locus plots,yes,,Gain at intersection with damping line,EC2014.pdf
2014-4-49,2014,Set 4,EC,49,2,MCQ,EC.7,Communications,EC.7.4,Digital Communications,EC.7.4.6,MAP and ML detection,yes,,Threshold detector with unequal priors,EC2014.pdf
2014-4-50,2014,Set 4,EC,50,2,NAT,EC.7,Communications,EC.7.3,Information Theory,,,yes,,Z-channel posterior probability,EC2014.pdf
2014-4-51,2014,Set 4,EC,51,2,NAT,EC.7,Communications,EC.7.4,Digital Communications,EC.7.4.4,Bandwidth,yes,,Minimum M for M-PSK with raised cosine,EC2014.pdf
2014-4-52,2014,Set 4,EC,52,2,MCQ,EC.7,Communications,EC.7.4,Digital Communications,EC.7.4.8,SNR and BER,yes,,Error probability with signal-dependent noise,EC2014.pdf
2014-4-53,2014,Set 4,EC,53,2,NAT,EC.8,Electromagnetics,EC.8.1,Maxwell's Equations,,,no,Electrostatics,Potential difference from E-field plot,EC2014.pdf
2014-4-54,2014,Set 4,EC,54,2,NAT,EC.1,Engineering Mathematics,EC.1.4,Vector Analysis,EC.1.4.4,"Gauss's, Green's and Stokes' theorems",yes,,Surface integral of curl (Stokes),EC2014.pdf
2014-4-55,2014,Set 4,EC,55,2,MCQ,EC.8,Electromagnetics,EC.8.1,Maxwell's Equations,,,no,Electrostatics,Electrostatic potential from E field,EC2014.pdf
2015-1-1,2015,Set 1,GA,1,1,MCQ,GA.1,Verbal Aptitude,GA.1.2,Vocabulary,,,yes,,Word completion (memento),EC2015.pdf
2015-1-2,2015,Set 1,GA,2,1,MCQ,GA.1,Verbal Aptitude,GA.1.2,Vocabulary,,,yes,,Word completion (frogs croak),EC2015.pdf
2015-1-3,2015,Set 1,GA,3,1,MCQ,GA.1,Verbal Aptitude,GA.1.2,Vocabulary,,,yes,,Word similar in meaning (educe),EC2015.pdf
2015-1-4,2015,Set 1,GA,4,1,MCQ,GA.2,Quantitative Aptitude,GA.2.2,Arithmetic and Algebra,,,yes,,Custom operators evaluation,EC2015.pdf
2015-1-5,2015,Set 1,GA,5,1,MCQ,GA.2,Quantitative Aptitude,GA.2.2,Arithmetic and Algebra,,,yes,,Logarithm: find base,EC2015.pdf
2015-1-6,2015,Set 1,GA,6,2,MCQ,GA.1,Verbal Aptitude,GA.1.1,Grammar and Usage,,,yes,,Most effective phrasing of sentence,EC2015.pdf
2015-1-7,2015,Set 1,GA,7,2,MCQ,GA.1,Verbal Aptitude,GA.1.3,Reading Comprehension,,,yes,,Paragraph: correct statement,EC2015.pdf
2015-1-8,2015,Set 1,GA,8,2,NAT,GA.3,Analytical Aptitude,GA.3.3,Series and Coding,,,yes,,Missing value in number pattern,EC2015.pdf
2015-1-9,2015,Set 1,GA,9,2,MCQ,GA.4,Spatial Aptitude,GA.4.1,Spatial Reasoning,,,yes,,Visible vs hidden faces of small cubes,EC2015.pdf
2015-1-10,2015,Set 1,GA,10,2,MCQ,GA.3,Analytical Aptitude,GA.3.1,Logical Reasoning,,,yes,,Logical inference (Humpty Dumpty),EC2015.pdf
2015-1-11,2015,Set 1,EC,11,1,NAT,EC.1,Engineering Mathematics,EC.1.1,Linear Algebra,EC.1.1.7,Solution of linear equations - existence and uniqueness,yes,,k for infinitely many solutions,EC2015.pdf
2015-1-12,2015,Set 1,EC,12,1,MCQ,EC.1,Engineering Mathematics,EC.1.2,Calculus,EC.1.2.1,Mean value theorems,yes,,Mean value theorem point,EC2015.pdf
2015-1-13,2015,Set 1,EC,13,1,MCQ,EC.1,Engineering Mathematics,EC.1.6,Probability and Statistics,EC.1.6.8,Joint and conditional probability,yes,,Independent events: false statement,EC2015.pdf
2015-1-14,2015,Set 1,EC,14,1,MCQ,EC.1,Engineering Mathematics,EC.1.5,Complex Analysis,,,yes,,Contour integration/analyticity: false statement,EC2015.pdf
2015-1-15,2015,Set 1,EC,15,1,NAT,EC.1,Engineering Mathematics,EC.1.1,Linear Algebra,EC.1.1.5,Eigenvalues and eigenvectors,yes,,Parameter so that vector is eigenvector,EC2015.pdf
2015-1-16,2015,Set 1,EC,16,1,NAT,EC.2,"Networks, Signals and Systems",EC.2.3,Time and Frequency Domain Analysis of Linear Circuits,EC.2.3.3,RLC circuits,yes,,Capacitor voltage at series resonance,EC2015.pdf
2015-1-17,2015,Set 1,EC,17,1,NAT,EC.2,"Networks, Signals and Systems",EC.2.1,Circuit Analysis,,,yes,,Equivalent resistance of symmetric network,EC2015.pdf
2015-1-18,2015,Set 1,EC,18,1,MCQ,EC.2,"Networks, Signals and Systems",EC.2.1,Circuit Analysis,EC.2.1.1,Node and mesh analysis,yes,,Node voltages with dependent source,EC2015.pdf
2015-1-19,2015,Set 1,EC,19,1,MCQ,EC.3,Electronic Devices,EC.3.3,Semiconductor Devices,EC.3.3.1,P-N junction,yes,,Negative differential resistance (tunnel diode),EC2015.pdf
2015-1-20,2015,Set 1,EC,20,1,NAT,EC.3,Electronic Devices,EC.3.2,Carrier Transport,EC.3.2.3,Mobility and resistivity,yes,,Resistivity of doped silicon,EC2015.pdf
2015-1-21,2015,Set 1,EC,21,1,MCQ,EC.4,Analog Circuits,EC.4.1,Diode Circuits,EC.4.1.3,Rectifiers,yes,,Output waveform of diode circuit,EC2015.pdf
2015-1-22,2015,Set 1,EC,22,1,NAT,EC.4,Analog Circuits,EC.4.1,Diode Circuits,,,yes,,Zener diode circuit output voltage,EC2015.pdf
2015-1-23,2015,Set 1,EC,23,1,MCQ,EC.2,"Networks, Signals and Systems",EC.2.3,Time and Frequency Domain Analysis of Linear Circuits,EC.2.3.2,RC circuits,yes,,Energy drawn from source charging capacitor,EC2015.pdf
2015-1-24,2015,Set 1,EC,24,1,MCQ,EC.5,Digital Circuits,EC.5.6,Computer Organization,,,no,8085 microprocessor,8085 registers for result and overflow,EC2015.pdf
2015-1-25,2015,Set 1,EC,25,1,NAT,EC.5,Digital Circuits,EC.5.5,Semiconductor Memories,,,yes,,Row-decoder address lines for square memory array,EC2015.pdf
2015-1-26,2015,Set 1,EC,26,1,NAT,EC.5,Digital Circuits,EC.5.4,Data Converters,EC.5.4.3,DACs,yes,,4-bit DAC full-scale output,EC2015.pdf
2015-1-27,2015,Set 1,EC,27,1,MCQ,EC.2,"Networks, Signals and Systems",EC.2.5,LTI Systems,EC.2.5.5,Convolution,yes,,Convolution with shifted impulse,EC2015.pdf
2015-1-28,2015,Set 1,EC,28,1,NAT,EC.2,"Networks, Signals and Systems",EC.2.6,Continuous-time Signals,,,yes,,Average power of time-scaled periodic signal,EC2015.pdf
2015-1-29,2015,Set 1,EC,29,1,MCQ,EC.6,Control Systems,EC.6.1,System Modelling,EC.6.1.2,Feedback principle,yes,,Effects of negative feedback,EC2015.pdf
2015-1-30,2015,Set 1,EC,30,1,NAT,EC.6,Control Systems,EC.6.4,Frequency Response and Root Locus,EC.6.4.3,Root-locus plots,yes,,Gain where root locus crosses jω axis,EC2015.pdf
2015-1-31,2015,Set 1,EC,31,1,MCQ,EC.6,Control Systems,EC.6.4,Frequency Response and Root Locus,EC.6.4.1,Frequency response,yes,,Quadrant of polar plot,EC2015.pdf
2015-1-32,2015,Set 1,EC,32,1,MCQ,EC.7,Communications,EC.7.4,Digital Communications,EC.7.4.2,DPCM,yes,,Delta modulator slope overload,EC2015.pdf
2015-1-33,2015,Set 1,EC,33,1,MCQ,EC.7,Communications,EC.7.2,Analog Communications,EC.7.2.1,Amplitude modulation and demodulation,yes,,SSB signal via Hilbert transform,EC2015.pdf
2015-1-34,2015,Set 1,EC,34,1,MCQ,EC.8,Electromagnetics,EC.8.1,Maxwell's Equations,EC.8.1.1,Differential and integral forms and their interpretation,yes,,H field of infinite line current vs r,EC2015.pdf
2015-1-35,2015,Set 1,EC,35,1,NAT,EC.8,Electromagnetics,EC.8.2,Plane Waves and Properties,EC.8.2.4,Propagation through various media,yes,,Wavelength in lossless dielectric,EC2015.pdf
2015-1-36,2015,Set 1,EC,36,2,MCQ,EC.1,Engineering Mathematics,EC.1.3,Differential Equations,EC.1.3.8,Initial and boundary value problems,yes,,Second-order ODE initial value problem,EC2015.pdf
2015-1-37,2015,Set 1,EC,37,2,MCQ,EC.1,Engineering Mathematics,EC.1.4,Vector Analysis,EC.1.4.3,"Gradient, divergence and curl",yes,,Solenoidal/irrotational test,EC2015.pdf
2015-1-38,2015,Set 1,EC,38,2,MCQ,EC.1,Engineering Mathematics,EC.1.2,Calculus,EC.1.2.5,Maxima and minima,yes,,Graph of e^-x(x^2+x+1),EC2015.pdf
2015-1-39,2015,Set 1,EC,39,2,NAT,EC.1,Engineering Mathematics,EC.1.2,Calculus,EC.1.2.5,Maxima and minima,yes,,Max-area rectangle inscribed in ellipse,EC2015.pdf
2015-1-40,2015,Set 1,EC,40,2,MCQ,EC.2,"Networks, Signals and Systems",EC.2.3,Time and Frequency Domain Analysis of Linear Circuits,EC.2.3.3,RLC circuits,yes,,Damping ratio of series RLC,EC2015.pdf
2015-1-41,2015,Set 1,EC,41,2,NAT,EC.2,"Networks, Signals and Systems",EC.2.3,Time and Frequency Domain Analysis of Linear Circuits,EC.2.3.2,RC circuits,yes,,Capacitor voltage in RC transient,EC2015.pdf
2015-1-42,2015,Set 1,EC,42,2,NAT,EC.2,"Networks, Signals and Systems",EC.2.2,Sinusoidal Steady State Analysis,EC.2.2.3,Maximum power transfer,yes,,Maximum power to resistive load,EC2015.pdf
2015-1-43,2015,Set 1,EC,43,2,NAT,EC.3,Electronic Devices,EC.3.3,Semiconductor Devices,EC.3.3.1,P-N junction,yes,,Junction capacitance vs reverse bias,EC2015.pdf
2015-1-44,2015,Set 1,EC,44,2,NAT,EC.3,Electronic Devices,EC.3.3,Semiconductor Devices,EC.3.3.5,MOSFET,yes,,MOSFET output resistance (λ),EC2015.pdf
2015-1-45,2015,Set 1,EC,45,2,NAT,EC.3,Electronic Devices,EC.3.3,Semiconductor Devices,EC.3.3.1,P-N junction,yes,,Injected hole current density in diode,EC2015.pdf
2015-1-46,2015,Set 1,EC,46,2,MCQ,EC.5,Digital Circuits,EC.5.2,Combinational Circuits,EC.5.2.1,Boolean algebra,yes,,Canonical POS form,EC2015.pdf
2015-1-47,2015,Set 1,EC,47,2,NAT,EC.5,Digital Circuits,EC.5.3,Sequential Circuits,EC.5.3.5,Propagation delay,yes,,Glitch duration due to gate delays,EC2015.pdf
2015-1-48,2015,Set 1,EC,48,2,MCQ,EC.5,Digital Circuits,EC.5.2,Combinational Circuits,EC.5.2.1,Boolean algebra,yes,,Majority-gate composition,EC2015.pdf
2015-1-49,2015,Set 1,EC,49,2,MCQ,EC.3,Electronic Devices,EC.3.3,Semiconductor Devices,EC.3.3.5,MOSFET,yes,,Diode-connected NMOS current vs source voltage,EC2015.pdf
2015-1-50,2015,Set 1,EC,50,2,NAT,EC.4,Analog Circuits,EC.4.3,Op-amp Circuits,EC.4.3.1,Amplifiers,yes,,Op-amp driven bridge output,EC2015.pdf
2015-1-51,2015,Set 1,EC,51,2,MCQ,EC.4,Analog Circuits,EC.4.3,Op-amp Circuits,EC.4.3.7,Oscillators,yes,,Wien-bridge oscillator frequency and condition,EC2015.pdf
2015-1-52,2015,Set 1,EC,52,2,NAT,EC.3,Electronic Devices,EC.3.3,Semiconductor Devices,EC.3.3.3,BJT,yes,,VBE difference of diode-connected BJTs vs temperature,EC2015.pdf
2015-1-53,2015,Set 1,EC,53,2,MCQ,EC.2,"Networks, Signals and Systems",EC.2.7,Discrete-time Signals,EC.2.7.2,DFT,yes,,DFT matrix relation between sequences,EC2015.pdf
2015-1-54,2015,Set 1,EC,54,2,MCQ,EC.2,"Networks, Signals and Systems",EC.2.7,Discrete-time Signals,EC.2.7.3,z-transform,yes,,Poles of discrete-time system from diagram,EC2015.pdf
2015-1-55,2015,Set 1,EC,55,2,MCQ,EC.2,"Networks, Signals and Systems",EC.2.7,Discrete-time Signals,EC.2.7.3,z-transform,yes,,Impulse response property from pole-zero plot,EC2015.pdf
2015-1-56,2015,Set 1,EC,56,2,NAT,EC.6,Control Systems,EC.6.4,Frequency Response and Root Locus,EC.6.4.3,Root-locus plots,yes,,Gain for point on root locus,EC2015.pdf
2015-1-57,2015,Set 1,EC,57,2,NAT,EC.6,Control Systems,EC.6.5,Compensators and Controllers,EC.6.5.1,Compensators,yes,,Lead compensator RC value,EC2015.pdf
2015-1-58,2015,Set 1,EC,58,2,MCQ,EC.6,Control Systems,EC.6.3,Stability Analysis,EC.6.3.1,Routh-Hurwitz criterion,yes,,Stability condition with PI controller,EC2015.pdf
2015-1-59,2015,Set 1,EC,59,2,NAT,EC.7,Communications,EC.7.3,Information Theory,,,yes,,BSC posterior probability,EC2015.pdf
2015-1-60,2015,Set 1,EC,60,2,NAT,EC.7,Communications,EC.7.4,Digital Communications,,,no,Multiple access (TDMA/CDMA),GSM/TDMA bandwidth,EC2015.pdf
2015-1-61,2015,Set 1,EC,61,2,NAT,EC.7,Communications,EC.7.2,Analog Communications,EC.7.2.1,Amplitude modulation and demodulation,yes,,Max bandwidth for AM via square-law device,EC2015.pdf
2015-1-62,2015,Set 1,EC,62,2,MCQ,EC.7,Communications,EC.7.4,Digital Communications,EC.7.4.6,MAP and ML detection,yes,,Minimum decision error probability,EC2015.pdf
2015-1-63,2015,Set 1,EC,63,2,MCQ,EC.8,Electromagnetics,EC.8.4,Waveguides,EC.8.4.1,Rectangular waveguides,yes,,Identify waveguide mode,EC2015.pdf
2015-1-64,2015,Set 1,EC,64,2,NAT,EC.8,Electromagnetics,EC.8.1,Maxwell's Equations,EC.8.1.4,Poynting vector,yes,,Power through square area (Poynting),EC2015.pdf
2015-1-65,2015,Set 1,EC,65,2,NAT,EC.8,Electromagnetics,EC.8.2,Plane Waves and Properties,EC.8.2.4,Propagation through various media,yes,,Transmitted field in lossy dielectric,EC2015.pdf
2015-2-1,2015,Set 2,GA,1,1,MCQ,GA.1,Verbal Aptitude,GA.1.1,Grammar and Usage,,,yes,,Subject-verb agreement (as well as),EC2015.pdf
2015-2-2,2015,Set 2,GA,2,1,MCQ,GA.1,Verbal Aptitude,GA.1.2,Vocabulary,,,yes,,Word similar in meaning (awkward),EC2015.pdf
2015-2-3,2015,Set 2,GA,3,1,MCQ,GA.1,Verbal Aptitude,GA.1.1,Grammar and Usage,,,yes,,Adverb form of word,EC2015.pdf
2015-2-4,2015,Set 2,GA,4,1,MCQ,GA.2,Quantitative Aptitude,GA.2.1,Data Interpretation,,,yes,,Table: minimum consumption per km,EC2015.pdf
2015-2-5,2015,Set 2,GA,5,1,MCQ,GA.2,Quantitative Aptitude,GA.2.4,Probability and Statistics,,,yes,,Probability only one selected,EC2015.pdf
2015-2-6,2015,Set 2,GA,6,2,MCQ,GA.1,Verbal Aptitude,GA.1.1,Grammar and Usage,,,yes,,Spot the error in sentence,EC2015.pdf
2015-2-7,2015,Set 2,GA,7,2,MCQ,GA.3,Analytical Aptitude,GA.3.1,Logical Reasoning,,,yes,,Syllogism: film stars and directors,EC2015.pdf
2015-2-8,2015,Set 2,GA,8,2,NAT,GA.2,Quantitative Aptitude,GA.2.2,Arithmetic and Algebra,,,yes,,Tiger chasing deer,EC2015.pdf
2015-2-9,2015,Set 2,GA,9,2,MCQ,GA.2,Quantitative Aptitude,GA.2.2,Arithmetic and Algebra,,,yes,,Range of ab+bc+ca given a²+b²+c²=1,EC2015.pdf
2015-2-10,2015,Set 2,GA,10,2,MCQ,GA.1,Verbal Aptitude,GA.1.3,Reading Comprehension,,,yes,,Valid inferences from passage,EC2015.pdf
2015-2-11,2015,Set 2,EC,11,1,MCQ,EC.2,"Networks, Signals and Systems",EC.2.5,LTI Systems,,,yes,,Bilateral Laplace transform of rectangular pulse,EC2015.pdf
2015-2-12,2015,Set 2,EC,12,1,MCQ,EC.1,Engineering Mathematics,EC.1.1,Linear Algebra,EC.1.1.5,Eigenvalues and eigenvectors,yes,,Condition for real eigenvalues (Hermitian),EC2015.pdf
2015-2-13,2015,Set 2,EC,13,1,NAT,EC.1,Engineering Mathematics,EC.1.5,Complex Analysis,EC.1.5.1,Analytic functions,yes,,Constant bilinear function: find d,EC2015.pdf
2015-2-14,2015,Set 2,EC,14,1,MCQ,EC.1,Engineering Mathematics,EC.1.3,Differential Equations,EC.1.3.7,Variable separable method,yes,,Separable first-order ODE,EC2015.pdf
2015-2-15,2015,Set 2,EC,15,1,MCQ,EC.2,"Networks, Signals and Systems",EC.2.6,Continuous-time Signals,EC.2.6.1,Fourier series,yes,,Real/imaginary signal from Fourier series coefficients,EC2015.pdf
2015-2-16,2015,Set 2,EC,16,1,NAT,EC.2,"Networks, Signals and Systems",EC.2.2,Sinusoidal Steady State Analysis,EC.2.2.1,Phasors,yes,,Capacitor voltage from series RLC phasors,EC2015.pdf
2015-2-17,2015,Set 2,EC,17,1,NAT,EC.2,"Networks, Signals and Systems",EC.2.1,Circuit Analysis,EC.2.1.2,Superposition,yes,,Average voltage with AC and DC sources,EC2015.pdf
2015-2-18,2015,Set 2,EC,18,1,MCQ,EC.2,"Networks, Signals and Systems",EC.2.4,Two-Port Networks and Transformations,EC.2.4.1,Linear 2-port network parameters,yes,,Y-parameters of pi network,EC2015.pdf
2015-2-19,2015,Set 2,EC,19,1,NAT,EC.3,Electronic Devices,EC.3.2,Carrier Transport,EC.3.2.4,Generation and recombination of carriers,yes,,Steady-state excess carriers under illumination,EC2015.pdf
2015-2-20,2015,Set 2,EC,20,1,NAT,EC.3,Electronic Devices,EC.3.2,Carrier Transport,EC.3.2.3,Mobility and resistivity,yes,,Conductivity using mobility chart,EC2015.pdf
2015-2-21,2015,Set 2,EC,21,1,MCQ,EC.4,Analog Circuits,EC.4.1,Diode Circuits,EC.4.1.2,Clamping,yes,,Condition for clamping circuit (RC >> T),EC2015.pdf
2015-2-22,2015,Set 2,EC,22,1,NAT,EC.4,Analog Circuits,EC.4.3,Op-amp Circuits,EC.4.3.1,Amplifiers,yes,,Op-amp output ratio for switch positions,EC2015.pdf
2015-2-23,2015,Set 2,EC,23,1,NAT,EC.4,Analog Circuits,EC.4.3,Op-amp Circuits,EC.4.3.6,Schmitt trigger,yes,,Schmitt trigger hysteresis: find R1,EC2015.pdf
2015-2-24,2015,Set 2,EC,24,1,MCQ,EC.5,Digital Circuits,EC.5.2,Combinational Circuits,EC.5.2.1,Boolean algebra,yes,,Gates to realise AB + C'D',EC2015.pdf
2015-2-25,2015,Set 2,EC,25,1,MCQ,EC.5,Digital Circuits,EC.5.6,Computer Organization,EC.5.6.1,Machine instructions and addressing modes,no,8085 microprocessor,8085 instruction that changes accumulator,EC2015.pdf
2015-2-26,2015,Set 2,EC,26,1,NAT,EC.5,Digital Circuits,EC.5.3,Sequential Circuits,EC.5.3.2,Counters,yes,,Mod-n counter with synchronous clear,EC2015.pdf
2015-2-27,2015,Set 2,EC,27,1,MCQ,EC.2,"Networks, Signals and Systems",EC.2.5,LTI Systems,,,yes,,ROC of bilateral Laplace of finite signal,EC2015.pdf
2015-2-28,2015,Set 2,EC,28,1,NAT,EC.2,"Networks, Signals and Systems",EC.2.7,Discrete-time Signals,EC.2.7.3,z-transform,yes,,Accumulator z-transform: find x[2],EC2015.pdf
2015-2-29,2015,Set 2,EC,29,1,MCQ,EC.6,Control Systems,EC.6.1,System Modelling,EC.6.1.4,Block diagram representation,yes,,Transfer functions realisable with blocks,EC2015.pdf
2015-2-30,2015,Set 2,EC,30,1,MCQ,EC.6,Control Systems,EC.6.1,System Modelling,EC.6.1.5,Signal flow graph,yes,,Transfer function from signal flow graph,EC2015.pdf
2015-2-31,2015,Set 2,EC,31,1,NAT,EC.6,Control Systems,EC.6.2,Time-Domain Analysis,EC.6.2.1,Transient analysis of LTI systems,yes,,Gain for damping ratio 0.25,EC2015.pdf
2015-2-32,2015,Set 2,EC,32,1,NAT,EC.7,Communications,EC.7.4,Digital Communications,EC.7.4.1,PCM,yes,,Quantizer levels from SQNR,EC2015.pdf
2015-2-33,2015,Set 2,EC,33,1,MCQ,EC.2,"Networks, Signals and Systems",EC.2.6,Continuous-time Signals,EC.2.6.4,Sampling and reconstruction,yes,,Sampled sinusoid through filter,EC2015.pdf
2015-2-34,2015,Set 2,EC,34,1,NAT,EC.8,Electromagnetics,EC.8.1,Maxwell's Equations,,,no,Electrostatics,Laplace equation for electrostatic potential,EC2015.pdf
2015-2-35,2015,Set 2,EC,35,1,MCQ,EC.8,Electromagnetics,EC.8.2,Plane Waves and Properties,EC.8.2.2,Polarization,yes,,Polarization of plane wave,EC2015.pdf
2015-2-36,2015,Set 2,EC,36,2,MCQ,EC.1,Engineering Mathematics,EC.1.3,Differential Equations,EC.1.3.1,Linear differential equations,yes,,First-order linear ODE response,EC2015.pdf
2015-2-37,2015,Set 2,EC,37,2,NAT,EC.2,"Networks, Signals and Systems",EC.2.6,Continuous-time Signals,EC.2.6.2,Fourier transform,yes,,Integral using Fourier transform,EC2015.pdf
2015-2-38,2015,Set 2,EC,38,2,NAT,EC.1,Engineering Mathematics,EC.1.5,Complex Analysis,EC.1.5.2,Cauchy's integral theorem,yes,,Contour integral of Re{z},EC2015.pdf
2015-2-39,2015,Set 2,EC,39,2,NAT,EC.1,Engineering Mathematics,EC.1.6,Probability and Statistics,EC.1.6.1,"Mean, median, mode, standard deviation",yes,,Expected tosses for two consecutive heads,EC2015.pdf
2015-2-40,2015,Set 2,EC,40,2,MCQ,EC.2,"Networks, Signals and Systems",EC.2.3,Time and Frequency Domain Analysis of Linear Circuits,EC.2.3.3,RLC circuits,yes,,Resonant frequency of practical tank circuit,EC2015.pdf
2015-2-41,2015,Set 2,EC,41,2,NAT,EC.2,"Networks, Signals and Systems",EC.2.1,Circuit Analysis,EC.2.1.4,Norton's theorem,yes,,Norton resistance with dependent source,EC2015.pdf
2015-2-42,2015,Set 2,EC,42,2,NAT,EC.2,"Networks, Signals and Systems",EC.2.3,Time and Frequency Domain Analysis of Linear Circuits,EC.2.3.2,RC circuits,yes,,Energy dissipated when capacitors share charge,EC2015.pdf
2015-2-43,2015,Set 2,EC,43,2,NAT,EC.3,Electronic Devices,EC.3.2,Carrier Transport,EC.3.2.2,Drift current,yes,,Electron transit time (drift velocity),EC2015.pdf
2015-2-44,2015,Set 2,EC,44,2,NAT,EC.3,Electronic Devices,EC.3.3,Semiconductor Devices,EC.3.3.4,MOS capacitor,yes,,MOS capacitor Cmax/Cmin,EC2015.pdf
2015-2-45,2015,Set 2,EC,45,2,MCQ,EC.3,Electronic Devices,EC.3.2,Carrier Transport,EC.3.2.1,Diffusion current,yes,,Net electron current (drift + diffusion),EC2015.pdf
2015-2-46,2015,Set 2,EC,46,2,MCQ,EC.5,Digital Circuits,EC.5.2,Combinational Circuits,EC.5.2.1,Boolean algebra,yes,,POS form of minterm function,EC2015.pdf
2015-2-47,2015,Set 2,EC,47,2,MCQ,EC.5,Digital Circuits,EC.5.3,Sequential Circuits,EC.5.3.2,Counters,yes,,Counter modulus with decoding logic,EC2015.pdf
2015-2-48,2015,Set 2,EC,48,2,MCQ,EC.5,Digital Circuits,EC.5.2,Combinational Circuits,EC.5.2.8,Decoders,yes,,1-to-8 demux from 2-to-4 decoders,EC2015.pdf
2015-2-49,2015,Set 2,EC,49,2,NAT,EC.4,Analog Circuits,EC.4.1,Diode Circuits,,,yes,,Diode in resistor bridge: current,EC2015.pdf
2015-2-50,2015,Set 2,EC,50,2,NAT,EC.4,Analog Circuits,EC.4.3,Op-amp Circuits,EC.4.3.1,Amplifiers,yes,,Op-amp output with saturation,EC2015.pdf
2015-2-51,2015,Set 2,EC,51,2,NAT,EC.4,Analog Circuits,EC.4.3,Op-amp Circuits,EC.4.3.1,Amplifiers,no,Voltage regulators,Series regulator transistor dissipation,EC2015.pdf
2015-2-52,2015,Set 2,EC,52,2,NAT,EC.4,Analog Circuits,EC.4.2,BJT and MOSFET Amplifiers,EC.4.2.3,Small signal analysis,yes,,Gain of BJT with diode-connected load,EC2015.pdf
2015-2-53,2015,Set 2,EC,53,2,MCQ,EC.2,"Networks, Signals and Systems",EC.2.5,LTI Systems,EC.2.5.2,Causality,yes,,Non-causal unstable impulse response,EC2015.pdf
2015-2-54,2015,Set 2,EC,54,2,NAT,EC.2,"Networks, Signals and Systems",EC.2.7,Discrete-time Signals,EC.2.7.2,DFT,yes,,Circular convolution via DFT,EC2015.pdf
2015-2-55,2015,Set 2,EC,55,2,NAT,EC.2,"Networks, Signals and Systems",EC.2.5,LTI Systems,,,yes,,Bilateral Laplace transform: find β,EC2015.pdf
2015-2-56,2015,Set 2,EC,56,2,MCQ,EC.6,Control Systems,EC.6.6,State-Space Analysis,EC.6.6.2,Solution of state equation of LTI systems,yes,,Output response from state model,EC2015.pdf
2015-2-57,2015,Set 2,EC,57,2,MCQ,EC.6,Control Systems,EC.6.2,Time-Domain Analysis,EC.6.2.1,Transient analysis of LTI systems,yes,,Transfer function from step response,EC2015.pdf
2015-2-58,2015,Set 2,EC,58,2,NAT,EC.6,Control Systems,EC.6.4,Frequency Response and Root Locus,EC.6.4.1,Frequency response,yes,,Steady-state value from frequency-response data,EC2015.pdf
2015-2-59,2015,Set 2,EC,59,2,MCQ,EC.7,Communications,EC.7.1,Random Processes,EC.7.1.4,Filtering of random signals through LTI systems,yes,,Variance of filtered white noise,EC2015.pdf
2015-2-60,2015,Set 2,EC,60,2,MCQ,EC.7,Communications,EC.7.1,Random Processes,EC.7.1.1,Autocorrelation,yes,,Autocorrelation of MA process,EC2015.pdf
2015-2-61,2015,Set 2,EC,61,2,MCQ,EC.7,Communications,EC.7.4,Digital Communications,EC.7.4.7,Matched filter receiver,yes,,Pulse giving minimum BER with matched filter,EC2015.pdf
2015-2-62,2015,Set 2,EC,62,2,MCQ,EC.1,Engineering Mathematics,EC.1.6,Probability and Statistics,EC.1.6.8,Joint and conditional probability,yes,,P(X+Y≥1) for independent binary RVs,EC2015.pdf
2015-2-63,2015,Set 2,EC,63,2,NAT,EC.8,Electromagnetics,EC.8.4,Waveguides,EC.8.4.1,Rectangular waveguides,yes,,Cutoff of TE01 from other mode cutoffs,EC2015.pdf
2015-2-64,2015,Set 2,EC,64,2,NAT,EC.8,Electromagnetics,EC.8.6,Antennas,EC.8.6.3,Linear antenna arrays,yes,,Two-element array spacing for beam direction,EC2015.pdf
2015-2-65,2015,Set 2,EC,65,2,MCQ,EC.8,Electromagnetics,EC.8.2,Plane Waves and Properties,EC.8.2.2,Polarization,yes,,Polarization of plane wave,EC2015.pdf
2015-3-1,2015,Set 3,GA,1,1,MCQ,GA.1,Verbal Aptitude,GA.1.1,Grammar and Usage,,,yes,,Sentence completion (should have practised),EC2015.pdf
2015-3-2,2015,Set 3,GA,2,1,MCQ,GA.1,Verbal Aptitude,GA.1.2,Vocabulary,,,yes,,One-word substitute (viaticum),EC2015.pdf
2015-3-3,2015,Set 3,GA,3,1,MCQ,GA.1,Verbal Aptitude,GA.1.2,Vocabulary,,,yes,,Correct verb (alternate),EC2015.pdf
2015-3-4,2015,Set 3,GA,4,1,MCQ,GA.3,Analytical Aptitude,GA.3.3,Series and Coding,,,yes,,Missing term in letter series,EC2015.pdf
2015-3-5,2015,Set 3,GA,5,1,MCQ,GA.2,Quantitative Aptitude,GA.2.2,Arithmetic and Algebra,,,yes,,Inequalities that must hold for x>y>1,EC2015.pdf
2015-3-6,2015,Set 3,GA,6,2,MCQ,GA.1,Verbal Aptitude,GA.1.1,Grammar and Usage,,,yes,,Correct usage: between you and me,EC2015.pdf
2015-3-7,2015,Set 3,GA,7,2,MCQ,GA.1,Verbal Aptitude,GA.1.4,Sentence and Paragraph Ordering,,,yes,,Arrange sentences into passage,EC2015.pdf
2015-3-8,2015,Set 3,GA,8,2,NAT,GA.2,Quantitative Aptitude,GA.2.3,Geometry and Mensuration,,,yes,,Cone from circular sheet: radius/height,EC2015.pdf
2015-3-9,2015,Set 3,GA,9,2,MCQ,GA.2,Quantitative Aptitude,GA.2.2,Arithmetic and Algebra,,,yes,,Sum of log tan values,EC2015.pdf
2015-3-10,2015,Set 3,GA,10,2,MCQ,GA.3,Analytical Aptitude,GA.3.1,Logical Reasoning,,,yes,,Logical inference about travel dates,EC2015.pdf
2015-3-11,2015,Set 3,EC,11,1,MCQ,EC.1,Engineering Mathematics,EC.1.1,Linear Algebra,EC.1.1.4,Matrix algebra,yes,,Determinant of A^T A^-1,EC2015.pdf
2015-3-12,2015,Set 3,EC,12,1,MCQ,EC.1,Engineering Mathematics,EC.1.2,Calculus,EC.1.2.4,Partial derivatives,yes,,Contour where partial derivatives equal,EC2015.pdf
2015-3-13,2015,Set 3,EC,13,1,MCQ,EC.1,Engineering Mathematics,EC.1.5,Complex Analysis,EC.1.5.3,Cauchy's integral formula,yes,,Contour integral of (z-z0)^-(n+1),EC2015.pdf
2015-3-14,2015,Set 3,EC,14,1,NAT,EC.1,Engineering Mathematics,EC.1.2,Calculus,EC.1.2.3,Evaluation of definite and improper integrals,yes,,Area under e^-t sin(2πt)u(t),EC2015.pdf
2015-3-15,2015,Set 3,EC,15,1,NAT,EC.1,Engineering Mathematics,EC.1.5,Complex Analysis,EC.1.5.4,"Sequences, series and convergence tests",yes,,Sum of series n(1/2)^n,EC2015.pdf
2015-3-16,2015,Set 3,EC,16,1,NAT,EC.2,"Networks, Signals and Systems",EC.2.1,Circuit Analysis,EC.2.1.3,Thevenin's theorem,yes,,Thevenin voltage,EC2015.pdf
2015-3-17,2015,Set 3,EC,17,1,NAT,EC.2,"Networks, Signals and Systems",EC.2.1,Circuit Analysis,EC.2.1.1,Node and mesh analysis,yes,,Node voltage with dependent sources,EC2015.pdf
2015-3-18,2015,Set 3,EC,18,1,NAT,EC.2,"Networks, Signals and Systems",EC.2.2,Sinusoidal Steady State Analysis,EC.2.2.1,Phasors,yes,,Output at very high frequency,EC2015.pdf
2015-3-19,2015,Set 3,EC,19,1,MCQ,EC.3,Electronic Devices,EC.3.3,Semiconductor Devices,,,no,IC fabrication,Process for gate oxide (dry oxidation),EC2015.pdf
2015-3-20,2015,Set 3,EC,20,1,MCQ,EC.3,Electronic Devices,EC.3.3,Semiconductor Devices,EC.3.3.3,BJT,yes,,Effect of doubling BJT base width,EC2015.pdf
2015-3-21,2015,Set 3,EC,21,1,NAT,EC.4,Analog Circuits,EC.4.2,BJT and MOSFET Amplifiers,EC.4.2.1,Biasing,yes,,PNP bias: find VEC,EC2015.pdf
2015-3-22,2015,Set 3,EC,22,1,NAT,EC.4,Analog Circuits,EC.4.3,Op-amp Circuits,EC.4.3.5,Active filters,yes,,Active filter 3-dB cutoff,EC2015.pdf
2015-3-23,2015,Set 3,EC,23,1,NAT,EC.4,Analog Circuits,EC.4.1,Diode Circuits,EC.4.1.2,Clamping,yes,,Clamper-peak detector average voltage,EC2015.pdf
2015-3-24,2015,Set 3,EC,24,1,MCQ,EC.5,Digital Circuits,EC.5.3,Sequential Circuits,EC.5.3.2,Counters,yes,,JK counter with asynchronous reset,EC2015.pdf
2015-3-25,2015,Set 3,EC,25,1,MCQ,EC.5,Digital Circuits,EC.5.2,Combinational Circuits,EC.5.2.4,Logic gates and static CMOS implementations,no,Logic families (TTL/DTL),Diode logic gate identification,EC2015.pdf
2015-3-26,2015,Set 3,EC,26,1,MCQ,EC.5,Digital Circuits,EC.5.6,Computer Organization,EC.5.6.1,Machine instructions and addressing modes,no,8085 microprocessor,8085 multiplication program,EC2015.pdf
2015-3-27,2015,Set 3,EC,27,1,MCQ,EC.2,"Networks, Signals and Systems",EC.2.5,LTI Systems,EC.2.5.4,Impulse response,yes,,Impulse response from step response,EC2015.pdf
2015-3-28,2015,Set 3,EC,28,1,MCQ,EC.2,"Networks, Signals and Systems",EC.2.7,Discrete-time Signals,EC.2.7.4,FIR filter design,yes,,Moving-average filter null at DC,EC2015.pdf
2015-3-29,2015,Set 3,EC,29,1,NAT,EC.6,Control Systems,EC.6.4,Frequency Response and Root Locus,EC.6.4.2,Bode plots,yes,,Bode plot corner frequencies,EC2015.pdf
2015-3-30,2015,Set 3,EC,30,1,NAT,EC.6,Control Systems,EC.6.4,Frequency Response and Root Locus,EC.6.4.2,Bode plots,yes,,Phase margin of G(s)=10/s(s+10),EC2015.pdf
2015-3-31,2015,Set 3,EC,31,1,MCQ,EC.6,Control Systems,EC.6.5,Compensators and Controllers,EC.6.5.1,Compensators,yes,,Condition for phase-lead compensator,EC2015.pdf
2015-3-32,2015,Set 3,EC,32,1,MCQ,EC.7,Communications,EC.7.4,Digital Communications,EC.7.4.3,"Digital modulation schemes (ASK, PSK, FSK, QAM)",yes,,GSM modulation scheme (GMSK),EC2015.pdf
2015-3-33,2015,Set 3,EC,33,1,MCQ,EC.7,Communications,EC.7.2,Analog Communications,EC.7.2.2,Angle modulation and demodulation,yes,,Bandwidth of PM signal,EC2015.pdf
2015-3-34,2015,Set 3,EC,34,1,MCQ,EC.8,Electromagnetics,EC.8.6,Antennas,EC.8.6.3,Linear antenna arrays,yes,,Array directivity vs number of elements,EC2015.pdf
2015-3-35,2015,Set 3,EC,35,1,MCQ,EC.8,Electromagnetics,EC.8.3,Transmission Lines,EC.8.3.1,Transmission line equations,yes,,Lumped model of lossless coax,EC2015.pdf
2015-3-36,2015,Set 3,EC,36,2,NAT,EC.1,Engineering Mathematics,,,,,no,Numerical methods,Newton-Raphson first iteration,EC2015.pdf
2015-3-37,2015,Set 3,EC,37,2,NAT,EC.1,Engineering Mathematics,EC.1.6,Probability and Statistics,EC.1.6.1,"Mean, median, mode, standard deviation",yes,,Expected throws until first '3',EC2015.pdf
2015-3-38,2015,Set 3,EC,38,2,NAT,EC.1,Engineering Mathematics,EC.1.3,Differential Equations,EC.1.3.8,Initial and boundary value problems,yes,,Second-order ODE with boundary values,EC2015.pdf
2015-3-39,2015,Set 3,EC,39,2,NAT,EC.1,Engineering Mathematics,EC.1.4,Vector Analysis,EC.1.4.4,"Gauss's, Green's and Stokes' theorems",yes,,Flux through cylinder (divergence theorem),EC2015.pdf
2015-3-40,2015,Set 3,EC,40,2,NAT,EC.2,"Networks, Signals and Systems",EC.2.2,Sinusoidal Steady State Analysis,EC.2.2.1,Phasors,yes,,Capacitor value for zero current,EC2015.pdf
2015-3-41,2015,Set 3,EC,41,2,MCQ,EC.2,"Networks, Signals and Systems",EC.2.4,Two-Port Networks and Transformations,EC.2.4.1,Linear 2-port network parameters,yes,,ABCD parameters of T network,EC2015.pdf
2015-3-42,2015,Set 3,EC,42,2,MCQ,EC.6,Control Systems,EC.6.6,State-Space Analysis,EC.6.6.1,State variable model,yes,,Transfer function from state model,EC2015.pdf
2015-3-43,2015,Set 3,EC,43,2,MCQ,EC.3,Electronic Devices,EC.3.3,Semiconductor Devices,EC.3.3.1,P-N junction,yes,,pn junction field profile: false statement,EC2015.pdf
2015-3-44,2015,Set 3,EC,44,2,NAT,EC.3,Electronic Devices,EC.3.3,Semiconductor Devices,EC.3.3.5,MOSFET,yes,,Channel-length modulation parameter,EC2015.pdf
2015-3-45,2015,Set 3,EC,45,2,NAT,EC.3,Electronic Devices,EC.3.3,Semiconductor Devices,EC.3.3.3,BJT,yes,,Max emitter current with β variation,EC2015.pdf
2015-3-46,2015,Set 3,EC,46,2,MCQ,EC.5,Digital Circuits,EC.5.3,Sequential Circuits,EC.5.3.3,Shift registers,yes,,LFSR pseudo-random generator output,EC2015.pdf
2015-3-47,2015,Set 3,EC,47,2,MCQ,EC.5,Digital Circuits,EC.5.2,Combinational Circuits,EC.5.2.1,Boolean algebra,yes,,Identify universal gate,EC2015.pdf
2015-3-48,2015,Set 3,EC,48,2,MCQ,EC.5,Digital Circuits,EC.5.3,Sequential Circuits,EC.5.3.1,Latches and flip-flops,yes,,Fix non-working SR latch,EC2015.pdf
2015-3-49,2015,Set 3,EC,49,2,NAT,EC.4,Analog Circuits,EC.4.3,Op-amp Circuits,EC.4.3.1,Amplifiers,yes,,Op-amp T-network feedback gain,EC2015.pdf
2015-3-50,2015,Set 3,EC,50,2,NAT,EC.4,Analog Circuits,EC.4.2,BJT and MOSFET Amplifiers,EC.4.2.1,Biasing,yes,,Min VDD for MOSFET saturation,EC2015.pdf
2015-3-51,2015,Set 3,EC,51,2,NAT,EC.4,Analog Circuits,EC.4.1,Diode Circuits,EC.4.1.3,Rectifiers,yes,,Average voltage in two-diode circuit,EC2015.pdf
2015-3-52,2015,Set 3,EC,52,2,MCQ,EC.2,"Networks, Signals and Systems",EC.2.7,Discrete-time Signals,EC.2.7.3,z-transform,yes,,Causality from pole locations and ROC,EC2015.pdf
2015-3-53,2015,Set 3,EC,53,2,MCQ,EC.2,"Networks, Signals and Systems",EC.2.7,Discrete-time Signals,EC.2.7.3,z-transform,yes,,Step response of discrete system realisation,EC2015.pdf
2015-3-54,2015,Set 3,EC,54,2,NAT,EC.2,"Networks, Signals and Systems",EC.2.7,Discrete-time Signals,,,yes,,DFS coefficient value,EC2015.pdf
2015-3-55,2015,Set 3,EC,55,2,NAT,EC.2,"Networks, Signals and Systems",EC.2.6,Continuous-time Signals,EC.2.6.3,Nyquist sampling theorem,yes,,Nyquist rate of periodic sinc train,EC2015.pdf
2015-3-56,2015,Set 3,EC,56,2,NAT,EC.6,Control Systems,EC.6.2,Time-Domain Analysis,EC.6.2.2,Steady-state analysis of LTI systems,yes,,Steady-state response to disturbance (DC motor),EC2015.pdf
2015-3-57,2015,Set 3,EC,57,2,NAT,EC.6,Control Systems,EC.6.4,Frequency Response and Root Locus,EC.6.4.3,Root-locus plots,yes,,Gain for point on root locus,EC2015.pdf
2015-3-58,2015,Set 3,EC,58,2,NAT,EC.6,Control Systems,EC.6.3,Stability Analysis,EC.6.3.1,Routh-Hurwitz criterion,yes,,Roots in left half-plane (Routh),EC2015.pdf
2015-3-59,2015,Set 3,EC,59,2,NAT,EC.2,"Networks, Signals and Systems",EC.2.7,Discrete-time Signals,,,yes,,Energy of sequences: find α,EC2015.pdf
2015-3-60,2015,Set 3,EC,60,2,NAT,EC.1,Engineering Mathematics,EC.1.6,Probability and Statistics,EC.1.6.3,Probability distributions,yes,,Variance from pdf,EC2015.pdf
2015-3-61,2015,Set 3,EC,61,2,MCQ,EC.7,Communications,EC.7.2,Analog Communications,EC.7.2.1,Amplitude modulation and demodulation,yes,,Complex envelope of bandpass signal,EC2015.pdf
2015-3-62,2015,Set 3,EC,62,2,NAT,EC.7,Communications,EC.7.1,Random Processes,EC.7.1.1,Autocorrelation,yes,,Autocorrelation of random binary wave,EC2015.pdf
2015-3-63,2015,Set 3,EC,63,2,MCQ,EC.8,Electromagnetics,EC.8.3,Transmission Lines,EC.8.3.4,Impedance transformation,yes,,Input impedance of shorted line,EC2015.pdf
2015-3-64,2015,Set 3,EC,64,2,NAT,EC.8,Electromagnetics,EC.8.3,Transmission Lines,EC.8.3.1,Transmission line equations,yes,,Transmission line transient: find RL,EC2015.pdf
2015-3-65,2015,Set 3,EC,65,2,NAT,EC.8,Electromagnetics,EC.8.3,Transmission Lines,EC.8.3.2,Characteristic impedance,yes,,Coaxial capacitance per unit length,EC2015.pdf
2016-1-GA1,2016,Set 1,GA,GA1,1,MCQ,GA.1,Verbal Aptitude,GA.1.1,Grammar and Usage,,,yes,,Correct usage: one of the highest peaks,EC2016.pdf
2016-1-GA2,2016,Set 1,GA,GA2,1,MCQ,GA.1,Verbal Aptitude,GA.1.2,Vocabulary,,,yes,,Word choice (lose/loose),EC2016.pdf
2016-1-GA3,2016,Set 1,GA,GA3,1,MCQ,GA.1,Verbal Aptitude,GA.1.2,Vocabulary,,,yes,,Word pair completion,EC2016.pdf
2016-1-GA4,2016,Set 1,GA,GA4,1,MCQ,GA.2,Quantitative Aptitude,GA.2.2,Arithmetic and Algebra,,,yes,,Ripe/unripe fruit percentages,EC2016.pdf
2016-1-GA5,2016,Set 1,GA,GA5,1,MCQ,GA.3,Analytical Aptitude,GA.3.1,Logical Reasoning,,,yes,,Possible distance from given constraints,EC2016.pdf
2016-1-GA6,2016,Set 1,GA,GA6,2,MCQ,GA.2,Quantitative Aptitude,GA.2.4,Probability and Statistics,,,yes,,Percentage developing disease,EC2016.pdf
2016-1-GA7,2016,Set 1,GA,GA7,2,MCQ,GA.1,Verbal Aptitude,GA.1.3,Reading Comprehension,,,yes,,Passage inference (reciprocity),EC2016.pdf
2016-1-GA8,2016,Set 1,GA,GA8,2,MCQ,GA.3,Analytical Aptitude,GA.3.1,Logical Reasoning,,,yes,,Ordering by age and wins,EC2016.pdf
2016-1-GA9,2016,Set 1,GA,GA9,2,MCQ,GA.2,Quantitative Aptitude,GA.2.2,Arithmetic and Algebra,,,yes,,Algebraic identity: value of abc,EC2016.pdf
2016-1-GA10,2016,Set 1,GA,GA10,2,MCQ,GA.2,Quantitative Aptitude,GA.2.2,Arithmetic and Algebra,,,yes,,Work and time,EC2016.pdf
2016-1-1,2016,Set 1,EC,1,1,MCQ,EC.1,Engineering Mathematics,EC.1.1,Linear Algebra,EC.1.1.4,Matrix algebra,yes,,Inverse of M with M^4 = I,EC2016.pdf
2016-1-2,2016,Set 1,EC,2,1,NAT,EC.1,Engineering Mathematics,EC.1.6,Probability and Statistics,EC.1.6.5,Poisson distribution,yes,,Poisson mean from second moment,EC2016.pdf
2016-1-3,2016,Set 1,EC,3,1,MCQ,EC.1,Engineering Mathematics,EC.1.2,Calculus,,,yes,,Continuity and differentiability statements,EC2016.pdf
2016-1-4,2016,Set 1,EC,4,1,MCQ,EC.1,Engineering Mathematics,EC.1.3,Differential Equations,EC.1.3.6,Partial differential equations,yes,,Property of Laplace equation solutions,EC2016.pdf
2016-1-5,2016,Set 1,EC,5,1,MCQ,EC.1,Engineering Mathematics,EC.1.2,Calculus,EC.1.2.2,Theorems of integral calculus,yes,,Graph of integral of piecewise function,EC2016.pdf
2016-1-6,2016,Set 1,EC,6,1,MCQ,EC.2,"Networks, Signals and Systems",EC.2.5,LTI Systems,EC.2.5.1,Definition and properties,yes,,Eigenfunction of LTI systems,EC2016.pdf
2016-1-7,2016,Set 1,EC,7,1,MCQ,EC.2,"Networks, Signals and Systems",EC.2.6,Continuous-time Signals,EC.2.6.4,Sampling and reconstruction,yes,,When sampled periodic signal is periodic,EC2016.pdf
2016-1-8,2016,Set 1,EC,8,1,MCQ,EC.2,"Networks, Signals and Systems",EC.2.7,Discrete-time Signals,EC.2.7.3,z-transform,yes,,ROC of sum of right-sided sequences,EC2016.pdf
2016-1-9,2016,Set 1,EC,9,1,MCQ,EC.2,"Networks, Signals and Systems",EC.2.4,Two-Port Networks and Transformations,EC.2.4.1,Linear 2-port network parameters,yes,,Reciprocity condition on ABCD matrix,EC2016.pdf
2016-1-10,2016,Set 1,EC,10,1,NAT,EC.2,"Networks, Signals and Systems",EC.2.6,Continuous-time Signals,EC.2.6.4,Sampling and reconstruction,yes,,Output frequency after sampling and LPF,EC2016.pdf
2016-1-11,2016,Set 1,EC,11,1,MCQ,EC.3,Electronic Devices,EC.3.1,Energy Bands and Carrier Concentration,EC.3.1.2,Energy bands in intrinsic and extrinsic semiconductors,yes,,Energy band diagram of doped semiconductor,EC2016.pdf
2016-1-12,2016,Set 1,EC,12,1,MCQ,EC.3,Electronic Devices,EC.3.3,Semiconductor Devices,EC.3.3.6,Scaling in MOSFETs,yes,,Short-channel effects vs channel length,EC2016.pdf
2016-1-13,2016,Set 1,EC,13,1,MCQ,EC.4,Analog Circuits,EC.4.2,BJT and MOSFET Amplifiers,EC.4.2.5,Current mirrors,yes,,BJT constant current source load current,EC2016.pdf
2016-1-14,2016,Set 1,EC,14,1,NAT,EC.4,Analog Circuits,EC.4.3,Op-amp Circuits,EC.4.3.6,Schmitt trigger,yes,,Comparator driving LED: count glows,EC2016.pdf
2016-1-15,2016,Set 1,EC,15,1,MCQ,EC.4,Analog Circuits,EC.4.3,Op-amp Circuits,EC.4.3.7,Oscillators,yes,,Diodes for amplitude stabilisation in oscillator,EC2016.pdf
2016-1-16,2016,Set 1,EC,16,1,MCQ,EC.7,Communications,EC.7.2,Analog Communications,,,no,Phase-locked loop,PLL frequency synthesiser outputs,EC2016.pdf
2016-1-17,2016,Set 1,EC,17,1,MCQ,EC.5,Digital Circuits,EC.5.2,Combinational Circuits,EC.5.2.1,Boolean algebra,yes,,Combinational circuit output,EC2016.pdf
2016-1-18,2016,Set 1,EC,18,1,MCQ,EC.5,Digital Circuits,EC.5.2,Combinational Circuits,EC.5.2.4,Logic gates and static CMOS implementations,yes,,CMOS inverter with output tied to input,EC2016.pdf
2016-1-19,2016,Set 1,EC,19,1,MCQ,EC.6,Control Systems,EC.6.3,Stability Analysis,EC.6.3.1,Routh-Hurwitz criterion,yes,,Routh table inferences,EC2016.pdf
2016-1-20,2016,Set 1,EC,20,1,MCQ,EC.6,Control Systems,EC.6.3,Stability Analysis,EC.6.3.2,Nyquist criterion,yes,,Nyquist stability statement,EC2016.pdf
2016-1-21,2016,Set 1,EC,21,1,NAT,EC.7,Communications,EC.7.4,Digital Communications,EC.7.4.5,Inter-symbol interference,yes,,Raised-cosine transmission bandwidth,EC2016.pdf
2016-1-22,2016,Set 1,EC,22,1,NAT,EC.7,Communications,EC.7.2,Analog Communications,EC.7.2.4,Superheterodyne receivers,yes,,Superheterodyne minimum IF,EC2016.pdf
2016-1-23,2016,Set 1,EC,23,1,NAT,EC.7,Communications,EC.7.2,Analog Communications,EC.7.2.1,Amplitude modulation and demodulation,yes,,AM modulation index from spectrum,EC2016.pdf
2016-1-24,2016,Set 1,EC,24,1,NAT,EC.8,Electromagnetics,EC.8.1,Maxwell's Equations,EC.8.1.1,Differential and integral forms and their interpretation,yes,,Gauss's law with concentric charged shells,EC2016.pdf
2016-1-25,2016,Set 1,EC,25,1,MCQ,EC.8,Electromagnetics,EC.8.3,Transmission Lines,EC.8.3.1,Transmission line equations,yes,,Line constants from propagation constant,EC2016.pdf
2016-1-26,2016,Set 1,EC,26,2,NAT,EC.1,Engineering Mathematics,EC.1.2,Calculus,EC.1.2.6,Multiple integrals,yes,,Double integral over a disc,EC2016.pdf
2016-1-27,2016,Set 1,EC,27,2,NAT,EC.1,Engineering Mathematics,EC.1.1,Linear Algebra,EC.1.1.4,Matrix algebra,yes,,Matrix power recursion: x[12],EC2016.pdf
2016-1-28,2016,Set 1,EC,28,2,NAT,EC.1,Engineering Mathematics,EC.1.5,Complex Analysis,EC.1.5.3,Cauchy's integral formula,yes,,Contour integral with third-order pole,EC2016.pdf
2016-1-29,2016,Set 1,EC,29,2,NAT,EC.1,Engineering Mathematics,EC.1.2,Calculus,EC.1.2.6,Multiple integrals,yes,,Volume in cylindrical coordinates,EC2016.pdf
2016-1-30,2016,Set 1,EC,30,2,MCQ,EC.2,"Networks, Signals and Systems",EC.2.5,LTI Systems,,,yes,,Laplace transform of periodic square wave,EC2016.pdf
2016-1-31,2016,Set 1,EC,31,2,MCQ,EC.2,"Networks, Signals and Systems",EC.2.2,Sinusoidal Steady State Analysis,EC.2.2.1,Phasors,yes,,Output of RLC network to multi-tone input,EC2016.pdf
2016-1-32,2016,Set 1,EC,32,2,MCQ,EC.2,"Networks, Signals and Systems",EC.2.3,Time and Frequency Domain Analysis of Linear Circuits,EC.2.3.2,RC circuits,yes,,First-order LPF responses to impulse/step/ramp,EC2016.pdf
2016-1-33,2016,Set 1,EC,33,2,NAT,EC.4,Analog Circuits,EC.4.1,Diode Circuits,,,yes,,RMS diode current in resistive network,EC2016.pdf
2016-1-34,2016,Set 1,EC,34,2,NAT,EC.2,"Networks, Signals and Systems",EC.2.2,Sinusoidal Steady State Analysis,EC.2.2.3,Maximum power transfer,yes,,Max power with dependent source,EC2016.pdf
2016-1-35,2016,Set 1,EC,35,2,NAT,EC.2,"Networks, Signals and Systems",EC.2.7,Discrete-time Signals,EC.2.7.1,DTFT,yes,,DTFT integral via Parseval,EC2016.pdf
2016-1-36,2016,Set 1,EC,36,2,NAT,EC.3,Electronic Devices,EC.3.3,Semiconductor Devices,EC.3.3.1,P-N junction,yes,,Depletion charge per area on p-side,EC2016.pdf
2016-1-37,2016,Set 1,EC,37,2,NAT,EC.3,Electronic Devices,EC.3.3,Semiconductor Devices,EC.3.3.5,MOSFET,yes,,MOSFET drain conductance in saturation,EC2016.pdf
2016-1-38,2016,Set 1,EC,38,2,NAT,EC.3,Electronic Devices,EC.3.2,Carrier Transport,EC.3.2.1,Diffusion current,yes,,Built-in field from non-uniform doping,EC2016.pdf
2016-1-39,2016,Set 1,EC,39,2,MCQ,EC.3,Electronic Devices,EC.3.2,Carrier Transport,EC.3.2.4,Generation and recombination of carriers,yes,,Excess carrier decay after illumination,EC2016.pdf
2016-1-40,2016,Set 1,EC,40,2,NAT,EC.4,Analog Circuits,EC.4.3,Op-amp Circuits,EC.4.3.2,Summers,yes,,Op-amp summing of alternating series,EC2016.pdf
2016-1-41,2016,Set 1,EC,41,2,NAT,EC.3,Electronic Devices,EC.3.3,Semiconductor Devices,EC.3.3.8,Photodiode,yes,,Photodiode with op-amp: load current,EC2016.pdf
2016-1-42,2016,Set 1,EC,42,2,MCQ,EC.5,Digital Circuits,EC.5.2,Combinational Circuits,EC.5.2.6,Code converters,yes,,Identify code converter,EC2016.pdf
2016-1-43,2016,Set 1,EC,43,2,MCQ,EC.5,Digital Circuits,EC.5.2,Combinational Circuits,EC.5.2.7,Multiplexers,yes,,Identify multiplexer function,EC2016.pdf
2016-1-44,2016,Set 1,EC,44,2,MCQ,EC.5,Digital Circuits,EC.5.6,Computer Organization,,,no,8085 microprocessor,8085 PUSH vs POP clock cycles,EC2016.pdf
2016-1-45,2016,Set 1,EC,45,2,NAT,EC.6,Control Systems,EC.6.4,Frequency Response and Root Locus,EC.6.4.3,Root-locus plots,yes,,Gain at breakaway point,EC2016.pdf
2016-1-46,2016,Set 1,EC,46,2,NAT,EC.6,Control Systems,EC.6.2,Time-Domain Analysis,EC.6.2.1,Transient analysis of LTI systems,yes,,Gain for 10% overshoot,EC2016.pdf
2016-1-47,2016,Set 1,EC,47,2,NAT,EC.6,Control Systems,EC.6.3,Stability Analysis,EC.6.3.1,Routh-Hurwitz criterion,yes,,Number of RHP zeros (Routh),EC2016.pdf
2016-1-48,2016,Set 1,EC,48,2,NAT,EC.7,Communications,EC.7.3,Information Theory,EC.7.3.1,Entropy,yes,,Entropy of geometric source,EC2016.pdf
2016-1-49,2016,Set 1,EC,49,2,NAT,EC.7,Communications,EC.7.4,Digital Communications,EC.7.4.9,Fundamentals of error correction,yes,,Repetition code error probability,EC2016.pdf
2016-1-50,2016,Set 1,EC,50,2,MCQ,EC.7,Communications,EC.7.4,Digital Communications,EC.7.4.7,Matched filter receiver,yes,,Matched filter SNR condition,EC2016.pdf
2016-1-51,2016,Set 1,EC,51,2,MCQ,EC.8,Electromagnetics,EC.8.1,Maxwell's Equations,EC.8.1.1,Differential and integral forms and their interpretation,yes,,Total current through spherical surface,EC2016.pdf
2016-1-52,2016,Set 1,EC,52,2,MCQ,EC.7,Communications,EC.7.1,Random Processes,,,no,Noise figure / noise temperature,Noise temperature and noise power,EC2016.pdf
2016-1-53,2016,Set 1,EC,53,2,NAT,EC.8,Electromagnetics,EC.8.6,Antennas,,,yes,,Friis link power between horn antennas,EC2016.pdf
2016-1-54,2016,Set 1,EC,54,2,MCQ,EC.8,Electromagnetics,EC.8.6,Antennas,,,yes,,Polarization mismatch loss,EC2016.pdf
2016-1-55,2016,Set 1,EC,55,2,MCQ,EC.8,Electromagnetics,EC.8.6,Antennas,,,yes,,Radiated power and directivity of helix,EC2016.pdf
2016-2-GA1,2016,Set 2,GA,GA1,1,MCQ,GA.1,Verbal Aptitude,GA.1.1,Grammar and Usage,,,yes,,Correct usage (taller vs longer),EC2016.pdf
2016-2-GA2,2016,Set 2,GA,GA2,1,MCQ,GA.1,Verbal Aptitude,GA.1.2,Vocabulary,,,yes,,Word choice (felicitated),EC2016.pdf
2016-2-GA3,2016,Set 2,GA,GA3,1,MCQ,GA.1,Verbal Aptitude,GA.1.2,Vocabulary,,,yes,,Meaning of idiom 'the rest is history',EC2016.pdf
2016-2-GA4,2016,Set 2,GA,GA4,1,MCQ,GA.2,Quantitative Aptitude,GA.2.2,Arithmetic and Algebra,,,yes,,Unit conversion with square roots,EC2016.pdf
2016-2-GA5,2016,Set 2,GA,GA5,1,MCQ,GA.2,Quantitative Aptitude,GA.2.2,Arithmetic and Algebra,,,yes,,Work and efficiency in shifts,EC2016.pdf
2016-2-GA6,2016,Set 2,GA,GA6,2,MCQ,GA.2,Quantitative Aptitude,GA.2.1,Data Interpretation,,,yes,,Venn diagram counting,EC2016.pdf
2016-2-GA7,2016,Set 2,GA,GA7,2,MCQ,GA.1,Verbal Aptitude,GA.1.3,Reading Comprehension,,,yes,,Logical inference from passage,EC2016.pdf
2016-2-GA8,2016,Set 2,GA,GA8,2,MCQ,GA.4,Spatial Aptitude,GA.4.1,Spatial Reasoning,,,yes,,Mirror image of clock,EC2016.pdf
2016-2-GA9,2016,Set 2,GA,GA9,2,MCQ,GA.2,Quantitative Aptitude,GA.2.3,Geometry and Mensuration,,,yes,,Shortest distance after two-leg travel,EC2016.pdf
2016-2-GA10,2016,Set 2,GA,GA10,2,MCQ,GA.2,Quantitative Aptitude,GA.2.3,Geometry and Mensuration,,,yes,,Wire cut into square and rectangle,EC2016.pdf
2016-2-1,2016,Set 2,EC,1,1,NAT,EC.1,Engineering Mathematics,EC.1.1,Linear Algebra,EC.1.1.5,Eigenvalues and eigenvectors,yes,,x for zero eigenvalue,EC2016.pdf
2016-2-2,2016,Set 2,EC,2,1,NAT,EC.1,Engineering Mathematics,EC.1.5,Complex Analysis,EC.1.5.1,Analytic functions,yes,,b for analytic function,EC2016.pdf
2016-2-3,2016,Set 2,EC,3,1,MCQ,EC.1,Engineering Mathematics,EC.1.2,Calculus,EC.1.2.5,Maxima and minima,yes,,Monotonicity of cubic on interval,EC2016.pdf
2016-2-4,2016,Set 2,EC,4,1,MCQ,EC.1,Engineering Mathematics,EC.1.2,Calculus,,,yes,,Number of solutions of sin x = x/2,EC2016.pdf
2016-2-5,2016,Set 2,EC,5,1,NAT,EC.1,Engineering Mathematics,EC.1.4,Vector Analysis,EC.1.4.2,Vector operations,yes,,Angle at minimum vector magnitude,EC2016.pdf
2016-2-6,2016,Set 2,EC,6,1,MCQ,EC.2,"Networks, Signals and Systems",EC.2.2,Sinusoidal Steady State Analysis,EC.2.2.3,Maximum power transfer,yes,,Current load for maximum power absorbed,EC2016.pdf
2016-2-7,2016,Set 2,EC,7,1,MCQ,EC.2,"Networks, Signals and Systems",EC.2.3,Time and Frequency Domain Analysis of Linear Circuits,EC.2.3.2,RC circuits,yes,,Capacitor voltage after switching,EC2016.pdf
2016-2-8,2016,Set 2,EC,8,1,NAT,EC.2,"Networks, Signals and Systems",EC.2.3,Time and Frequency Domain Analysis of Linear Circuits,EC.2.3.3,RLC circuits,yes,,Parallel RLC at resonance: IL/IR,EC2016.pdf
2016-2-9,2016,Set 2,EC,9,1,NAT,EC.2,"Networks, Signals and Systems",EC.2.4,Two-Port Networks and Transformations,EC.2.4.1,Linear 2-port network parameters,yes,,Element value from z-parameters,EC2016.pdf
2016-2-10,2016,Set 2,EC,10,1,NAT,EC.2,"Networks, Signals and Systems",EC.2.6,Continuous-time Signals,EC.2.6.2,Fourier transform,yes,,Energy of sinc signal,EC2016.pdf
2016-2-11,2016,Set 2,EC,11,1,MCQ,EC.3,Electronic Devices,EC.3.3,Semiconductor Devices,EC.3.3.3,BJT,yes,,Validity of Ebers-Moll model,EC2016.pdf
2016-2-12,2016,Set 2,EC,12,1,MCQ,EC.3,Electronic Devices,EC.3.3,Semiconductor Devices,EC.3.3.5,MOSFET,yes,,NMOS as linear resistor: false statement,EC2016.pdf
2016-2-13,2016,Set 2,EC,13,1,NAT,EC.4,Analog Circuits,EC.4.1,Diode Circuits,,,yes,,Diode circuit current,EC2016.pdf
2016-2-14,2016,Set 2,EC,14,1,NAT,EC.4,Analog Circuits,EC.4.2,BJT and MOSFET Amplifiers,EC.4.2.5,Current mirrors,yes,,Widlar current source: find R2,EC2016.pdf
2016-2-15,2016,Set 2,EC,15,1,MCQ,EC.4,Analog Circuits,EC.4.2,BJT and MOSFET Amplifiers,EC.4.2.4,Frequency response,yes,,Mid-band behaviour of capacitors in CE amp,EC2016.pdf
2016-2-16,2016,Set 2,EC,16,1,MCQ,EC.5,Digital Circuits,EC.5.2,Combinational Circuits,EC.5.2.4,Logic gates and static CMOS implementations,yes,,CMOS NOR sizing from inverter,EC2016.pdf
2016-2-17,2016,Set 2,EC,17,1,NAT,EC.5,Digital Circuits,EC.5.3,Sequential Circuits,EC.5.3.3,Shift registers,yes,,Ring of D flip-flops: average power,EC2016.pdf
2016-2-18,2016,Set 2,EC,18,1,MCQ,EC.5,Digital Circuits,EC.5.2,Combinational Circuits,EC.5.2.7,Multiplexers,yes,,Full-adder carry using 4:1 MUX,EC2016.pdf
2016-2-19,2016,Set 2,EC,19,1,NAT,EC.6,Control Systems,EC.6.2,Time-Domain Analysis,EC.6.2.1,Transient analysis of LTI systems,yes,,Initial slope of step response,EC2016.pdf
2016-2-20,2016,Set 2,EC,20,1,MCQ,EC.6,Control Systems,EC.6.3,Stability Analysis,EC.6.3.2,Nyquist criterion,yes,,Nyquist encirclements,EC2016.pdf
2016-2-21,2016,Set 2,EC,21,1,NAT,EC.7,Communications,EC.7.3,Information Theory,EC.7.3.2,Source coding,yes,,Minimum average codeword length,EC2016.pdf
2016-2-22,2016,Set 2,EC,22,1,NAT,EC.7,Communications,EC.7.4,Digital Communications,EC.7.4.1,PCM,yes,,PCM over 4-level PAM: bandwidth,EC2016.pdf
2016-2-23,2016,Set 2,EC,23,1,MCQ,EC.8,Electromagnetics,EC.8.1,Maxwell's Equations,,,no,Magnetostatics,Charged particle trajectory in B field,EC2016.pdf
2016-2-24,2016,Set 2,EC,24,1,MCQ,EC.8,Electromagnetics,EC.8.2,Plane Waves and Properties,EC.8.2.3,Phase and group velocity,yes,,Group/phase velocity from β(ω),EC2016.pdf
2016-2-25,2016,Set 2,EC,25,1,NAT,EC.8,Electromagnetics,EC.8.5,Optical Fibers,EC.8.5.1,Light propagation in optical fibers,yes,,Acceptance angle of optical fibre,EC2016.pdf
2016-2-26,2016,Set 2,EC,26,2,NAT,EC.1,Engineering Mathematics,,,,,no,Numerical methods,Forward Euler stability step,EC2016.pdf
2016-2-27,2016,Set 2,EC,27,2,NAT,EC.1,Engineering Mathematics,EC.1.4,Vector Analysis,EC.1.4.4,"Gauss's, Green's and Stokes' theorems",yes,,Line integral via Green's theorem,EC2016.pdf
2016-2-28,2016,Set 2,EC,28,2,NAT,EC.1,Engineering Mathematics,EC.1.6,Probability and Statistics,EC.1.6.8,Joint and conditional probability,yes,,P(X+Y≤1) from joint pdf,EC2016.pdf
2016-2-29,2016,Set 2,EC,29,2,NAT,EC.1,Engineering Mathematics,EC.1.1,Linear Algebra,EC.1.1.4,Matrix algebra,yes,,Matrix entries from det and trace,EC2016.pdf
2016-2-30,2016,Set 2,EC,30,2,MCQ,EC.2,"Networks, Signals and Systems",EC.2.1,Circuit Analysis,,,yes,,Equivalent resistance of resistor network,EC2016.pdf
2016-2-31,2016,Set 2,EC,31,2,NAT,EC.2,"Networks, Signals and Systems",EC.2.1,Circuit Analysis,EC.2.1.1,Node and mesh analysis,yes,,Current through resistor,EC2016.pdf
2016-2-32,2016,Set 2,EC,32,2,NAT,EC.2,"Networks, Signals and Systems",EC.2.7,Discrete-time Signals,EC.2.7.5,IIR filter design,yes,,Impulse-invariant IIR conversion,EC2016.pdf
2016-2-33,2016,Set 2,EC,33,2,NAT,EC.2,"Networks, Signals and Systems",EC.2.7,Discrete-time Signals,EC.2.7.2,DFT,yes,,DFT of upsampled sequence,EC2016.pdf
2016-2-34,2016,Set 2,EC,34,2,NAT,EC.4,Analog Circuits,EC.4.1,Diode Circuits,,,yes,,Diode-capacitor circuit steady-state voltage,EC2016.pdf
2016-2-35,2016,Set 2,EC,35,2,MCQ,EC.3,Electronic Devices,EC.3.3,Semiconductor Devices,EC.3.3.4,MOS capacitor,yes,,MOS capacitor inversion charge vs VG,EC2016.pdf
2016-2-36,2016,Set 2,EC,36,2,MCQ,EC.3,Electronic Devices,EC.3.3,Semiconductor Devices,EC.3.3.1,P-N junction,yes,,Avalanche breakdown in p+n junction,EC2016.pdf
2016-2-37,2016,Set 2,EC,37,2,NAT,EC.3,Electronic Devices,EC.3.2,Carrier Transport,EC.3.2.5,Poisson and continuity equations,yes,,Poisson equation: potential in depletion region,EC2016.pdf
2016-2-38,2016,Set 2,EC,38,2,NAT,EC.3,Electronic Devices,EC.3.3,Semiconductor Devices,EC.3.3.5,MOSFET,yes,,Threshold voltage from gm and gd,EC2016.pdf
2016-2-39,2016,Set 2,EC,39,2,NAT,EC.4,Analog Circuits,EC.4.1,Diode Circuits,EC.4.1.3,Rectifiers,yes,,Half-wave rectifier ripple with capacitor filter,EC2016.pdf
2016-2-40,2016,Set 2,EC,40,2,NAT,EC.4,Analog Circuits,EC.4.3,Op-amp Circuits,EC.4.3.6,Schmitt trigger,yes,,Op-amp with Zener clamp: switching time,EC2016.pdf
2016-2-41,2016,Set 2,EC,41,2,NAT,EC.4,Analog Circuits,EC.4.3,Op-amp Circuits,EC.4.3.1,Amplifiers,yes,,Op-amp output with finite gain and offset,EC2016.pdf
2016-2-42,2016,Set 2,EC,42,2,MCQ,EC.5,Digital Circuits,EC.5.5,Semiconductor Memories,EC.5.5.1,ROM,no,Memory interfacing,ROM chip select decoding (8085 system),EC2016.pdf
2016-2-43,2016,Set 2,EC,43,2,MCQ,EC.5,Digital Circuits,EC.5.4,Data Converters,EC.5.4.2,ADCs,yes,,Flash ADC input settling,EC2016.pdf
2016-2-44,2016,Set 2,EC,44,2,MCQ,EC.5,Digital Circuits,EC.5.3,Sequential Circuits,EC.5.3.4,Finite state machines,yes,,FSM state diagram ambiguity,EC2016.pdf
2016-2-45,2016,Set 2,EC,45,2,NAT,EC.6,Control Systems,EC.6.2,Time-Domain Analysis,EC.6.2.1,Transient analysis of LTI systems,yes,,Gain for critical damping,EC2016.pdf
2016-2-46,2016,Set 2,EC,46,2,NAT,EC.6,Control Systems,EC.6.4,Frequency Response and Root Locus,EC.6.4.1,Frequency response,yes,,Gain for zero gain and phase margin,EC2016.pdf
2016-2-47,2016,Set 2,EC,47,2,NAT,EC.6,Control Systems,EC.6.4,Frequency Response and Root Locus,EC.6.4.2,Bode plots,yes,,Pole from asymptotic Bode phase plot,EC2016.pdf
2016-2-48,2016,Set 2,EC,48,2,NAT,EC.7,Communications,EC.7.4,Digital Communications,EC.7.4.5,Inter-symbol interference,yes,,Precoded sequence (partial response),EC2016.pdf
2016-2-49,2016,Set 2,EC,49,2,NAT,EC.7,Communications,EC.7.4,Digital Communications,EC.7.4.4,Bandwidth,yes,,Roll-off factor for 16-QAM over band-pass channel,EC2016.pdf
2016-2-50,2016,Set 2,EC,50,2,NAT,EC.7,Communications,EC.7.1,Random Processes,EC.7.1.1,Autocorrelation,yes,,Power of affine-transformed random process,EC2016.pdf
2016-2-51,2016,Set 2,EC,51,2,NAT,EC.7,Communications,EC.7.3,Information Theory,,,yes,,Binary channel posterior probability,EC2016.pdf
2016-2-52,2016,Set 2,EC,52,2,MCQ,EC.8,Electromagnetics,EC.8.1,Maxwell's Equations,,,no,Electrostatics,Capacitor energy when plates separated,EC2016.pdf
2016-2-53,2016,Set 2,EC,53,2,MCQ,EC.8,Electromagnetics,EC.8.3,Transmission Lines,EC.8.3.2,Characteristic impedance,yes,,Microstrip line L and Z0,EC2016.pdf
2016-2-54,2016,Set 2,EC,54,2,NAT,EC.8,Electromagnetics,EC.8.3,Transmission Lines,EC.8.3.4,Impedance transformation,yes,,Line length from reflection coefficient plot,EC2016.pdf
2016-2-55,2016,Set 2,EC,55,2,MCQ,EC.8,Electromagnetics,EC.8.1,Maxwell's Equations,,,no,Electrostatics,Charge motion between charged plates,EC2016.pdf
2016-3-GA1,2016,Set 3,GA,GA1,1,MCQ,GA.1,Verbal Aptitude,GA.1.1,Grammar and Usage,,,yes,,Correct comparison sentence (price of apple),EC2016.pdf
2016-3-GA2,2016,Set 3,GA,GA2,1,MCQ,GA.1,Verbal Aptitude,GA.1.2,Vocabulary,,,yes,,Closest meaning of underlined word,EC2016.pdf
2016-3-GA3,2016,Set 3,GA,GA3,1,MCQ,GA.3,Analytical Aptitude,GA.3.1,Logical Reasoning,,,yes,,Blood relation,EC2016.pdf
2016-3-GA4,2016,Set 3,GA,GA4,1,MCQ,GA.3,Analytical Aptitude,GA.3.3,Series and Coding,,,yes,,Number that least fits the set,EC2016.pdf
2016-3-GA5,2016,Set 3,GA,GA5,1,MCQ,GA.2,Quantitative Aptitude,GA.2.2,Arithmetic and Algebra,,,yes,,Relative speed of trains,EC2016.pdf
2016-3-GA6,2016,Set 3,GA,GA6,2,MCQ,GA.2,Quantitative Aptitude,GA.2.1,Data Interpretation,,,yes,,Distance from velocity-time graph,EC2016.pdf
2016-3-GA7,2016,Set 3,GA,GA7,2,MCQ,GA.1,Verbal Aptitude,GA.1.3,Reading Comprehension,,,yes,,Logical inference from passage,EC2016.pdf
2016-3-GA8,2016,Set 3,GA,GA8,2,MCQ,GA.3,Analytical Aptitude,GA.3.1,Logical Reasoning,,,yes,,Oldest among four (age ordering),EC2016.pdf
2016-3-GA9,2016,Set 3,GA,GA9,2,MCQ,GA.2,Quantitative Aptitude,GA.2.3,Geometry and Mensuration,,,yes,,Area bounded by lines in first quadrant,EC2016.pdf
2016-3-GA10,2016,Set 3,GA,GA10,2,MCQ,GA.2,Quantitative Aptitude,GA.2.4,Probability and Statistics,,,yes,,Value from straight-line fit,EC2016.pdf
2016-3-1,2016,Set 3,EC,1,1,MCQ,EC.1,Engineering Mathematics,EC.1.1,Linear Algebra,EC.1.1.5,Eigenvalues and eigenvectors,yes,,Unknown entry from complex eigenvalues,EC2016.pdf
2016-3-2,2016,Set 3,EC,2,1,NAT,EC.1,Engineering Mathematics,EC.1.5,Complex Analysis,EC.1.5.6,Residue theorem,yes,,Residue of sin z / z²,EC2016.pdf
2016-3-3,2016,Set 3,EC,3,1,NAT,EC.1,Engineering Mathematics,EC.1.6,Probability and Statistics,EC.1.6.2,Combinatorial probability,yes,,First head on fifth toss (biased coin),EC2016.pdf
2016-3-4,2016,Set 3,EC,4,1,NAT,EC.1,Engineering Mathematics,EC.1.2,Calculus,EC.1.2.3,Evaluation of definite and improper integrals,yes,,Improper integral of 1/sqrt(1-x),EC2016.pdf
2016-3-5,2016,Set 3,EC,5,1,NAT,EC.1,Engineering Mathematics,,,,,no,Numerical methods,Runge-Kutta (RK2) error,EC2016.pdf
2016-3-6,2016,Set 3,EC,6,1,MCQ,EC.2,"Networks, Signals and Systems",EC.2.6,Continuous-time Signals,EC.2.6.3,Nyquist sampling theorem,yes,,Nyquist rate of time-scaled signal,EC2016.pdf
2016-3-7,2016,Set 3,EC,7,1,MCQ,EC.2,"Networks, Signals and Systems",EC.2.6,Continuous-time Signals,EC.2.6.2,Fourier transform,yes,,Convolution of two sinc functions,EC2016.pdf
2016-3-8,2016,Set 3,EC,8,1,MCQ,EC.2,"Networks, Signals and Systems",EC.2.7,Discrete-time Signals,EC.2.7.3,z-transform,yes,,z-transform property X(-z),EC2016.pdf
2016-3-9,2016,Set 3,EC,9,1,MCQ,EC.2,"Networks, Signals and Systems",EC.2.2,Sinusoidal Steady State Analysis,EC.2.2.1,Phasors,yes,,RLC network output for two tones,EC2016.pdf
2016-3-10,2016,Set 3,EC,10,1,MCQ,EC.3,Electronic Devices,EC.3.1,Energy Bands and Carrier Concentration,EC.3.1.2,Energy bands in intrinsic and extrinsic semiconductors,yes,,Bandgap ordering from diode I-V curves,EC2016.pdf
2016-3-11,2016,Set 3,EC,11,1,MCQ,EC.3,Electronic Devices,EC.3.3,Semiconductor Devices,EC.3.3.4,MOS capacitor,yes,,MOS band diagram: surface region state,EC2016.pdf
2016-3-12,2016,Set 3,EC,12,1,NAT,EC.3,Electronic Devices,EC.3.3,Semiconductor Devices,EC.3.3.9,Solar cell,yes,,Solar cell maximum efficiency,EC2016.pdf
2016-3-13,2016,Set 3,EC,13,1,NAT,EC.4,Analog Circuits,EC.4.1,Diode Circuits,EC.4.1.2,Clamping,yes,,Voltage doubler output,EC2016.pdf
2016-3-14,2016,Set 3,EC,14,1,NAT,EC.4,Analog Circuits,EC.4.2,BJT and MOSFET Amplifiers,EC.4.2.1,Biasing,yes,,DC collector voltage of two-BJT circuit,EC2016.pdf
2016-3-15,2016,Set 3,EC,15,1,NAT,EC.4,Analog Circuits,EC.4.3,Op-amp Circuits,,,no,Multivibrators and 555 timer,555 astable frequency,EC2016.pdf
2016-3-16,2016,Set 3,EC,16,1,MCQ,EC.5,Digital Circuits,EC.5.6,Computer Organization,EC.5.6.1,Machine instructions and addressing modes,no,8085 microprocessor,8085 RLC instruction result,EC2016.pdf
2016-3-17,2016,Set 3,EC,17,1,MCQ,EC.5,Digital Circuits,EC.5.2,Combinational Circuits,EC.5.2.4,Logic gates and static CMOS implementations,yes,,Logic function of transistor circuit,EC2016.pdf
2016-3-18,2016,Set 3,EC,18,1,MCQ,EC.5,Digital Circuits,EC.5.2,Combinational Circuits,EC.5.2.1,Boolean algebra,yes,,Min NAND gates for XOR,EC2016.pdf
2016-3-19,2016,Set 3,EC,19,1,MCQ,EC.6,Control Systems,EC.6.1,System Modelling,EC.6.1.4,Block diagram representation,yes,,Closed-loop gain from block diagram,EC2016.pdf
2016-3-20,2016,Set 3,EC,20,1,MCQ,EC.6,Control Systems,EC.6.2,Time-Domain Analysis,EC.6.2.2,Steady-state analysis of LTI systems,yes,,Steady-state error for step input,EC2016.pdf
2016-3-21,2016,Set 3,EC,21,1,NAT,EC.7,Communications,EC.7.2,Analog Communications,EC.7.2.4,Superheterodyne receivers,yes,,Image frequency of superheterodyne,EC2016.pdf
2016-3-22,2016,Set 3,EC,22,1,NAT,EC.7,Communications,EC.7.3,Information Theory,EC.7.3.1,Entropy,yes,,Information rate of quantized source,EC2016.pdf
2016-3-23,2016,Set 3,EC,23,1,MCQ,EC.7,Communications,EC.7.4,Digital Communications,EC.7.4.7,Matched filter receiver,yes,,Matched filter output waveform,EC2016.pdf
2016-3-24,2016,Set 3,EC,24,1,MCQ,EC.8,Electromagnetics,EC.8.2,Plane Waves and Properties,EC.8.2.2,Polarization,yes,,Polarization after reflection from conductor,EC2016.pdf
2016-3-25,2016,Set 3,EC,25,1,MCQ,EC.8,Electromagnetics,EC.8.1,Maxwell's Equations,EC.8.1.1,Differential and integral forms and their interpretation,yes,,Faraday's law in differential form,EC2016.pdf
2016-3-26,2016,Set 3,EC,26,2,MCQ,EC.1,Engineering Mathematics,EC.1.3,Differential Equations,EC.1.3.8,Initial and boundary value problems,yes,,Second-order IVP solution,EC2016.pdf
2016-3-27,2016,Set 3,EC,27,2,MCQ,EC.1,Engineering Mathematics,EC.1.1,Linear Algebra,EC.1.1.2,Basis,yes,,Express vector in orthogonal basis,EC2016.pdf
2016-3-28,2016,Set 3,EC,28,2,NAT,EC.1,Engineering Mathematics,EC.1.2,Calculus,EC.1.2.6,Multiple integrals,yes,,Volume under plane over triangle,EC2016.pdf
2016-3-29,2016,Set 3,EC,29,2,MCQ,EC.1,Engineering Mathematics,EC.1.5,Complex Analysis,EC.1.5.3,Cauchy's integral formula,yes,,Contour integral inside/outside,EC2016.pdf
2016-3-30,2016,Set 3,EC,30,2,MCQ,EC.2,"Networks, Signals and Systems",EC.2.6,Continuous-time Signals,EC.2.6.1,Fourier series,yes,,Fourier series coefficient of LTI output,EC2016.pdf
2016-3-31,2016,Set 3,EC,31,2,MCQ,EC.2,"Networks, Signals and Systems",EC.2.7,Discrete-time Signals,EC.2.7.3,z-transform,yes,,ROC of two-sided exponential,EC2016.pdf
2016-3-32,2016,Set 3,EC,32,2,NAT,EC.2,"Networks, Signals and Systems",EC.2.3,Time and Frequency Domain Analysis of Linear Circuits,EC.2.3.2,RC circuits,yes,,Current at t=0+ after resistor opens,EC2016.pdf
2016-3-33,2016,Set 3,EC,33,2,NAT,EC.2,"Networks, Signals and Systems",EC.2.1,Circuit Analysis,EC.2.1.1,Node and mesh analysis,yes,,Current in resistive network,EC2016.pdf
2016-3-34,2016,Set 3,EC,34,2,MCQ,EC.2,"Networks, Signals and Systems",EC.2.4,Two-Port Networks and Transformations,EC.2.4.1,Linear 2-port network parameters,yes,,z-parameters of two-port,EC2016.pdf
2016-3-35,2016,Set 3,EC,35,2,NAT,EC.2,"Networks, Signals and Systems",EC.2.7,Discrete-time Signals,EC.2.7.2,DFT,yes,,Radix-2 FFT real-time block size,EC2016.pdf
2016-3-36,2016,Set 3,EC,36,2,MCQ,EC.2,"Networks, Signals and Systems",EC.2.7,Discrete-time Signals,EC.2.7.4,FIR filter design,yes,,FIR structure: filter type,EC2016.pdf
2016-3-37,2016,Set 3,EC,37,2,NAT,EC.3,Electronic Devices,EC.3.2,Carrier Transport,EC.3.2.1,Diffusion current,yes,,Collector current from base diffusion,EC2016.pdf
2016-3-38,2016,Set 3,EC,38,2,NAT,EC.3,Electronic Devices,EC.3.3,Semiconductor Devices,EC.3.3.4,MOS capacitor,yes,,Equivalent oxide thickness,EC2016.pdf
2016-3-39,2016,Set 3,EC,39,2,MCQ,EC.3,Electronic Devices,EC.3.3,Semiconductor Devices,EC.3.3.2,Zener diode,yes,,Breakdown in series Zener diodes,EC2016.pdf
2016-3-40,2016,Set 3,EC,40,2,NAT,EC.4,Analog Circuits,EC.4.3,Op-amp Circuits,EC.4.3.1,Amplifiers,yes,,Op-amp with LC network: gain,EC2016.pdf
2016-3-41,2016,Set 3,EC,41,2,MCQ,EC.4,Analog Circuits,EC.4.2,BJT and MOSFET Amplifiers,EC.4.2.3,Small signal analysis,yes,,Gain of cascode-like MOS stage,EC2016.pdf
2016-3-42,2016,Set 3,EC,42,2,NAT,EC.4,Analog Circuits,EC.4.2,BJT and MOSFET Amplifiers,EC.4.2.4,Frequency response,yes,,Input pole frequency of CS stage,EC2016.pdf
2016-3-43,2016,Set 3,EC,43,2,MCQ,EC.5,Digital Circuits,EC.5.2,Combinational Circuits,EC.5.2.3,Karnaugh map minimization,yes,,Minimum SOP from 5-variable K-map,EC2016.pdf
2016-3-44,2016,Set 3,EC,44,2,NAT,EC.5,Digital Circuits,EC.5.3,Sequential Circuits,EC.5.3.7,Critical path delay,yes,,Maximum propagation delay of circuit,EC2016.pdf
2016-3-45,2016,Set 3,EC,45,2,MCQ,EC.5,Digital Circuits,EC.5.3,Sequential Circuits,EC.5.3.2,Counters,yes,,Counter modulus with gate delay reset,EC2016.pdf
2016-3-46,2016,Set 3,EC,46,2,MCQ,EC.6,Control Systems,EC.6.3,Stability Analysis,EC.6.3.1,Routh-Hurwitz criterion,yes,,Range of K for stability,EC2016.pdf
2016-3-47,2016,Set 3,EC,47,2,MCQ,EC.6,Control Systems,EC.6.6,State-Space Analysis,EC.6.6.1,State variable model,yes,,Controllability and observability,EC2016.pdf
2016-3-48,2016,Set 3,EC,48,2,NAT,EC.6,Control Systems,EC.6.4,Frequency Response and Root Locus,EC.6.4.3,Root-locus plots,yes,,Breakaway point location,EC2016.pdf
2016-3-49,2016,Set 3,EC,49,2,MCQ,EC.7,Communications,EC.7.1,Random Processes,EC.7.1.4,Filtering of random signals through LTI systems,yes,,Autocorrelation through delay-add system,EC2016.pdf
2016-3-50,2016,Set 3,EC,50,2,NAT,EC.7,Communications,EC.7.3,Information Theory,EC.7.3.4,Channel capacity theorem,yes,,Minimum SNR from channel capacity,EC2016.pdf
2016-3-51,2016,Set 3,EC,51,2,NAT,EC.1,Engineering Mathematics,EC.1.6,Probability and Statistics,EC.1.6.4,Binomial distribution,yes,,At most one bit error in 10^5 bits,EC2016.pdf
2016-3-52,2016,Set 3,EC,52,2,NAT,EC.8,Electromagnetics,EC.8.4,Waveguides,EC.8.4.1,Rectangular waveguides,yes,,Propagation constant of TE10 mode,EC2016.pdf
2016-3-53,2016,Set 3,EC,53,2,MCQ,EC.8,Electromagnetics,EC.8.4,Waveguides,EC.8.4.1,Rectangular waveguides,yes,,Order of cutoff frequencies,EC2016.pdf
2016-3-54,2016,Set 3,EC,54,2,NAT,EC.8,Electromagnetics,EC.8.6,Antennas,,,no,Radar equation,Radar equation received power,EC2016.pdf
2016-3-55,2016,Set 3,EC,55,2,MCQ,EC.8,Electromagnetics,EC.8.1,Maxwell's Equations,,,no,Electrostatics,Potential from charge profile,EC2016.pdf
2017-1-1,2017,Set 1,EC,1,1,MCQ,EC.1,Engineering Mathematics,EC.1.1,Linear Algebra,EC.1.1.5,Eigenvalues and eigenvectors,yes,,Real eigenvalue of circulant matrix,EC1-2017.pdf
2017-1-2,2017,Set 1,EC,2,1,MCQ,EC.1,Engineering Mathematics,EC.1.1,Linear Algebra,EC.1.1.6,Rank,yes,,Rank of 3x3 matrix,EC1-2017.pdf
2017-1-3,2017,Set 1,EC,3,1,MCQ,EC.1,Engineering Mathematics,EC.1.1,Linear Algebra,EC.1.1.3,Linear dependence and independence,yes,,"Linear dependence of 1, x, x²",EC1-2017.pdf
2017-1-4,2017,Set 1,EC,4,1,NAT,EC.1,Engineering Mathematics,EC.1.6,Probability and Statistics,EC.1.6.2,Combinatorial probability,yes,,Three dice showing same number,EC1-2017.pdf
2017-1-5,2017,Set 1,EC,5,1,MCQ,EC.2,"Networks, Signals and Systems",EC.2.5,LTI Systems,EC.2.5.3,Stability,yes,,BIBO stability with RHP pole,EC1-2017.pdf
2017-1-6,2017,Set 1,EC,6,1,MCQ,EC.2,"Networks, Signals and Systems",EC.2.5,LTI Systems,EC.2.5.2,Causality,yes,,Causality and stability of piecewise system,EC1-2017.pdf
2017-1-7,2017,Set 1,EC,7,1,NAT,EC.2,"Networks, Signals and Systems",EC.2.2,Sinusoidal Steady State Analysis,EC.2.2.1,Phasors,yes,,Frequency for π/4 phase difference,EC1-2017.pdf
2017-1-8,2017,Set 1,EC,8,1,MCQ,EC.2,"Networks, Signals and Systems",EC.2.6,Continuous-time Signals,EC.2.6.1,Fourier series,yes,,Fourier series with odd and half-wave symmetry,EC1-2017.pdf
2017-1-9,2017,Set 1,EC,9,1,MCQ,EC.3,Electronic Devices,EC.3.1,Energy Bands and Carrier Concentration,EC.3.1.2,Energy bands in intrinsic and extrinsic semiconductors,yes,,Si as amphoteric dopant in GaAs,EC1-2017.pdf
2017-1-10,2017,Set 1,EC,10,1,MCQ,EC.3,Electronic Devices,EC.3.1,Energy Bands and Carrier Concentration,EC.3.1.3,Equilibrium carrier concentration,yes,,Built-in potential of n+-n junction,EC1-2017.pdf
2017-1-11,2017,Set 1,EC,11,1,MCQ,EC.3,Electronic Devices,EC.3.3,Semiconductor Devices,EC.3.3.3,BJT,yes,,BJT operating mode from carrier profile,EC1-2017.pdf
2017-1-12,2017,Set 1,EC,12,1,MCQ,EC.4,Analog Circuits,EC.4.3,Op-amp Circuits,EC.4.3.6,Schmitt trigger,yes,,Schmitt trigger thresholds,EC1-2017.pdf
2017-1-13,2017,Set 1,EC,13,1,MCQ,EC.4,Analog Circuits,EC.4.2,BJT and MOSFET Amplifiers,,,yes,,Ideal transconductance amplifier resistances,EC1-2017.pdf
2017-1-14,2017,Set 1,EC,14,1,MCQ,EC.4,Analog Circuits,EC.4.2,BJT and MOSFET Amplifiers,EC.4.2.4,Frequency response,yes,,Miller effect in CE amplifier,EC1-2017.pdf
2017-1-15,2017,Set 1,EC,15,1,MCQ,EC.5,Digital Circuits,EC.5.3,Sequential Circuits,EC.5.3.1,Latches and flip-flops,yes,,NAND latch race condition,EC1-2017.pdf
2017-1-16,2017,Set 1,EC,16,1,MCQ,EC.5,Digital Circuits,EC.5.6,Computer Organization,EC.5.6.1,Machine instructions and addressing modes,no,8085 microprocessor,8085 T-states for instruction time,EC1-2017.pdf
2017-1-17,2017,Set 1,EC,17,1,NAT,EC.5,Digital Circuits,EC.5.3,Sequential Circuits,EC.5.3.1,Latches and flip-flops,yes,,D-latch output duty cycle,EC1-2017.pdf
2017-1-18,2017,Set 1,EC,18,1,NAT,EC.6,Control Systems,EC.6.2,Time-Domain Analysis,EC.6.2.2,Steady-state analysis of LTI systems,yes,,System type from steady-state errors,EC1-2017.pdf
2017-1-19,2017,Set 1,EC,19,1,MCQ,EC.6,Control Systems,EC.6.4,Frequency Response and Root Locus,EC.6.4.2,Bode plots,yes,,Bode slope: pole-zero excess,EC1-2017.pdf
2017-1-20,2017,Set 1,EC,20,1,MCQ,EC.6,Control Systems,EC.6.5,Compensators and Controllers,EC.6.5.1,Compensators,yes,,Pole-zero pattern of lag compensator,EC1-2017.pdf
2017-1-21,2017,Set 1,EC,21,1,NAT,EC.7,Communications,EC.7.3,Information Theory,EC.7.3.3,Mutual information,yes,,Mutual information of independent RVs,EC1-2017.pdf
2017-1-22,2017,Set 1,EC,22,1,MCQ,EC.7,Communications,EC.7.4,Digital Communications,EC.7.4.2,DPCM,yes,,DPCM principle,EC1-2017.pdf
2017-1-23,2017,Set 1,EC,23,1,MCQ,EC.7,Communications,EC.7.4,Digital Communications,EC.7.4.5,Inter-symbol interference,yes,,Zero-ISI pulse spectrum,EC1-2017.pdf
2017-1-24,2017,Set 1,EC,24,1,NAT,EC.8,Electromagnetics,EC.8.3,Transmission Lines,EC.8.3.1,Transmission line equations,yes,,Attenuation in dB/m from propagation constant,EC1-2017.pdf
2017-1-25,2017,Set 1,EC,25,1,MCQ,EC.7,Communications,EC.7.3,Information Theory,EC.7.3.4,Channel capacity theorem,yes,,Link capacity with doubled antenna areas and distance,EC1-2017.pdf
2017-1-26,2017,Set 1,EC,26,2,MCQ,EC.1,Engineering Mathematics,EC.1.2,Calculus,EC.1.2.8,Taylor series,yes,,Taylor series of e^(x+x²),EC1-2017.pdf
2017-1-27,2017,Set 1,EC,27,2,NAT,EC.1,Engineering Mathematics,EC.1.2,Calculus,EC.1.2.6,Multiple integrals,yes,,Volume of region x²+y²≤z³,EC1-2017.pdf
2017-1-28,2017,Set 1,EC,28,2,NAT,EC.1,Engineering Mathematics,EC.1.2,Calculus,EC.1.2.7,"Line, surface and volume integrals",yes,,Line integral along segment,EC1-2017.pdf
2017-1-29,2017,Set 1,EC,29,2,MCQ,EC.1,Engineering Mathematics,EC.1.3,Differential Equations,,,yes,,First-order nonlinear ODE by substitution,EC1-2017.pdf
2017-1-30,2017,Set 1,EC,30,2,NAT,EC.1,Engineering Mathematics,,,,,no,Numerical methods,Newton-Raphson two iterations,EC1-2017.pdf
2017-1-31,2017,Set 1,EC,31,2,MCQ,EC.2,"Networks, Signals and Systems",EC.2.6,Continuous-time Signals,EC.2.6.1,Fourier series,yes,,Fourier series of time-scaled signal,EC1-2017.pdf
2017-1-32,2017,Set 1,EC,32,2,NAT,EC.2,"Networks, Signals and Systems",EC.2.5,LTI Systems,EC.2.5.5,Convolution,yes,,"Deconvolution: find y[3], y[4]",EC1-2017.pdf
2017-1-33,2017,Set 1,EC,33,2,NAT,EC.2,"Networks, Signals and Systems",EC.2.7,Discrete-time Signals,EC.2.7.1,DTFT,yes,,Zero of DTFT of 3-tap filter,EC1-2017.pdf
2017-1-34,2017,Set 1,EC,34,2,NAT,EC.2,"Networks, Signals and Systems",EC.2.2,Sinusoidal Steady State Analysis,EC.2.2.1,Phasors,yes,,Amplitude ratio in RLC circuit,EC1-2017.pdf
2017-1-35,2017,Set 1,EC,35,2,NAT,EC.2,"Networks, Signals and Systems",EC.2.3,Time and Frequency Domain Analysis of Linear Circuits,EC.2.3.1,RL circuits,yes,,RL transient: time to reach current,EC1-2017.pdf
2017-1-36,2017,Set 1,EC,36,2,NAT,EC.3,Electronic Devices,EC.3.2,Carrier Transport,EC.3.2.2,Drift current,yes,,Current density with velocity saturation,EC1-2017.pdf
2017-1-37,2017,Set 1,EC,37,2,NAT,EC.3,Electronic Devices,EC.3.2,Carrier Transport,EC.3.2.1,Diffusion current,yes,,Diffusion current under non-uniform generation,EC1-2017.pdf
2017-1-38,2017,Set 1,EC,38,2,NAT,EC.3,Electronic Devices,EC.3.3,Semiconductor Devices,EC.3.3.1,P-N junction,yes,,Junction capacitance ratio vs doping,EC1-2017.pdf
2017-1-39,2017,Set 1,EC,39,2,NAT,EC.3,Electronic Devices,EC.3.3,Semiconductor Devices,EC.3.3.3,BJT,yes,,Min α for BJT switching to saturation,EC1-2017.pdf
2017-1-40,2017,Set 1,EC,40,2,NAT,EC.4,Analog Circuits,EC.4.2,BJT and MOSFET Amplifiers,EC.4.2.1,Biasing,yes,,MOSFET drain current with source degeneration,EC1-2017.pdf
2017-1-41,2017,Set 1,EC,41,2,NAT,EC.4,Analog Circuits,EC.4.2,BJT and MOSFET Amplifiers,EC.4.2.3,Small signal analysis,yes,,CE amplifier midband gain,EC1-2017.pdf
2017-1-42,2017,Set 1,EC,42,2,NAT,EC.4,Analog Circuits,EC.4.3,Op-amp Circuits,EC.4.3.8,Dominant-pole (Miller) compensation,yes,,Op-amp closed-loop gain at 15 kHz (GBW),EC1-2017.pdf
2017-1-43,2017,Set 1,EC,43,2,MCQ,EC.5,Digital Circuits,EC.5.2,Combinational Circuits,EC.5.2.3,Karnaugh map minimization,yes,,Simplified SOP of minterms,EC1-2017.pdf
2017-1-44,2017,Set 1,EC,44,2,NAT,EC.5,Digital Circuits,EC.5.3,Sequential Circuits,EC.5.3.3,Shift registers,yes,,Shift register with XOR feedback: cycles,EC1-2017.pdf
2017-1-45,2017,Set 1,EC,45,2,MCQ,EC.5,Digital Circuits,EC.5.6,Computer Organization,EC.5.6.1,Machine instructions and addressing modes,no,8085 microprocessor,8085 program accumulator value,EC1-2017.pdf
2017-1-46,2017,Set 1,EC,46,2,MCQ,EC.5,Digital Circuits,EC.5.3,Sequential Circuits,EC.5.3.4,Finite state machines,yes,,FSM cycling states vs input,EC1-2017.pdf
2017-1-47,2017,Set 1,EC,47,2,MCQ,EC.6,Control Systems,EC.6.4,Frequency Response and Root Locus,EC.6.4.3,Root-locus plots,yes,,Stability range from root locus,EC1-2017.pdf
2017-1-48,2017,Set 1,EC,48,2,MCQ,EC.6,Control Systems,EC.6.3,Stability Analysis,EC.6.3.1,Routh-Hurwitz criterion,yes,,Root locations of s⁴+s²+1,EC1-2017.pdf
2017-1-49,2017,Set 1,EC,49,2,MCQ,EC.6,Control Systems,EC.6.3,Stability Analysis,EC.6.3.2,Nyquist criterion,yes,,Stability from Nyquist encirclements,EC1-2017.pdf
2017-1-50,2017,Set 1,EC,50,2,MCQ,EC.7,Communications,EC.7.4,Digital Communications,EC.7.4.3,"Digital modulation schemes (ASK, PSK, FSK, QAM)",yes,,BFSK orthogonality: minimum T,EC1-2017.pdf
2017-1-51,2017,Set 1,EC,51,2,MCQ,EC.7,Communications,EC.7.1,Random Processes,EC.7.1.4,Filtering of random signals through LTI systems,yes,,PSD through ideal LPF: moments,EC1-2017.pdf
2017-1-52,2017,Set 1,EC,52,2,NAT,EC.2,"Networks, Signals and Systems",EC.2.5,LTI Systems,EC.2.5.7,Frequency response,yes,,LTI filter output peak for two tones,EC1-2017.pdf
2017-1-53,2017,Set 1,EC,53,2,NAT,EC.8,Electromagnetics,EC.8.5,Optical Fibers,EC.8.5.1,Light propagation in optical fibers,yes,,Birefringent fibre: circular to linear distance,EC1-2017.pdf
2017-1-54,2017,Set 1,EC,54,2,MCQ,EC.8,Electromagnetics,EC.8.2,Plane Waves and Properties,EC.8.2.2,Polarization,yes,,Polarization/validity of plane wave expression,EC1-2017.pdf
2017-1-55,2017,Set 1,EC,55,2,MCQ,EC.8,Electromagnetics,EC.8.6,Antennas,EC.8.6.1,Dipole antennas,yes,,Null direction of tilted half-wave dipole,EC1-2017.pdf
2017-1-56,2017,Set 1,GA,56,1,MCQ,GA.1,Verbal Aptitude,GA.1.2,Vocabulary,,,yes,,Word completion (sharp tongue),EC1-2017.pdf
2017-1-57,2017,Set 1,GA,57,1,MCQ,GA.1,Verbal Aptitude,GA.1.1,Grammar and Usage,,,yes,,Sentence completion (conditional),EC1-2017.pdf
2017-1-58,2017,Set 1,GA,58,1,MCQ,GA.2,Quantitative Aptitude,GA.2.2,Arithmetic and Algebra,,,yes,,Water consumption percentages,EC1-2017.pdf
2017-1-59,2017,Set 1,GA,59,1,MCQ,GA.2,Quantitative Aptitude,GA.2.1,Data Interpretation,,,yes,,Pie chart degrees,EC1-2017.pdf
2017-1-60,2017,Set 1,GA,60,1,MCQ,GA.3,Analytical Aptitude,GA.3.1,Logical Reasoning,,,yes,,"Syllogism: tables, shelves, chairs",EC1-2017.pdf
2017-1-61,2017,Set 1,GA,61,2,MCQ,GA.1,Verbal Aptitude,GA.1.2,Vocabulary,,,yes,,Meaning of 'antagonistic' in passage,EC1-2017.pdf
2017-1-62,2017,Set 1,GA,62,2,MCQ,GA.3,Analytical Aptitude,GA.3.1,Logical Reasoning,,,yes,,Circular seating arrangement,EC1-2017.pdf
2017-1-63,2017,Set 1,GA,63,2,MCQ,GA.2,Quantitative Aptitude,GA.2.2,Arithmetic and Algebra,,,yes,,Vehicles over bridge per hour,EC1-2017.pdf
2017-1-64,2017,Set 1,GA,64,2,MCQ,GA.2,Quantitative Aptitude,GA.2.2,Arithmetic and Algebra,,,yes,,Subgroups with at least one Indian,EC1-2017.pdf
2017-1-65,2017,Set 1,GA,65,2,MCQ,GA.4,Spatial Aptitude,GA.4.1,Spatial Reasoning,,,yes,,Contour map path description,EC1-2017.pdf
2017-2-1,2017,Set 2,EC,1,1,NAT,EC.1,Engineering Mathematics,EC.1.1,Linear Algebra,EC.1.1.6,Rank,yes,,Rank of 5x5 matrix,EC2-2017.pdf
2017-2-2,2017,Set 2,EC,2,1,MCQ,EC.1,Engineering Mathematics,EC.1.3,Differential Equations,EC.1.3.1,Linear differential equations,yes,,General solution of second-order ODE,EC2-2017.pdf
2017-2-3,2017,Set 2,EC,3,1,NAT,EC.1,Engineering Mathematics,EC.1.4,Vector Analysis,EC.1.4.1,Vectors in plane and space,yes,,Angle between two planes,EC2-2017.pdf
2017-2-4,2017,Set 2,EC,4,1,MCQ,EC.1,Engineering Mathematics,EC.1.5,Complex Analysis,EC.1.5.6,Residue theorem,yes,,Residues at simple and triple pole,EC2-2017.pdf
2017-2-5,2017,Set 2,EC,5,1,NAT,EC.2,"Networks, Signals and Systems",EC.2.3,Time and Frequency Domain Analysis of Linear Circuits,EC.2.3.3,RLC circuits,yes,,Series RLC at resonance: VC/VR,EC2-2017.pdf
2017-2-6,2017,Set 2,EC,6,1,NAT,EC.2,"Networks, Signals and Systems",EC.2.1,Circuit Analysis,,,yes,,Max/min resistance over permutations,EC2-2017.pdf
2017-2-7,2017,Set 2,EC,7,1,MCQ,EC.2,"Networks, Signals and Systems",EC.2.7,Discrete-time Signals,EC.2.7.4,FIR filter design,yes,,FIR filter type from impulse response,EC2-2017.pdf
2017-2-8,2017,Set 2,EC,8,1,MCQ,EC.2,"Networks, Signals and Systems",EC.2.5,LTI Systems,EC.2.5.1,Definition and properties,yes,,Linearity and time-invariance of moving integrator,EC2-2017.pdf
2017-2-9,2017,Set 2,EC,9,1,MCQ,EC.3,Electronic Devices,EC.3.3,Semiconductor Devices,EC.3.3.5,MOSFET,yes,,MOSFET in saturation with CLM as current source,EC2-2017.pdf
2017-2-10,2017,Set 2,EC,10,1,MCQ,EC.3,Electronic Devices,EC.3.3,Semiconductor Devices,EC.3.3.3,BJT,yes,,Early effect: base width and gain,EC2-2017.pdf
2017-2-11,2017,Set 2,EC,11,1,NAT,EC.3,Electronic Devices,EC.3.3,Semiconductor Devices,EC.3.3.5,MOSFET,yes,,MOSFET transconductance in linear region,EC2-2017.pdf
2017-2-12,2017,Set 2,EC,12,1,NAT,EC.4,Analog Circuits,EC.4.1,Diode Circuits,EC.4.1.3,Rectifiers,yes,,Half-wave rectifier average output,EC2-2017.pdf
2017-2-13,2017,Set 2,EC,13,1,MCQ,EC.4,Analog Circuits,EC.4.1,Diode Circuits,EC.4.1.2,Clamping,yes,,Clamper with diode and Zener,EC2-2017.pdf
2017-2-14,2017,Set 2,EC,14,1,NAT,EC.4,Analog Circuits,EC.4.2,BJT and MOSFET Amplifiers,EC.4.2.1,Biasing,yes,,BJT bias: VCE,EC2-2017.pdf
2017-2-15,2017,Set 2,EC,15,1,MCQ,EC.5,Digital Circuits,EC.5.2,Combinational Circuits,EC.5.2.4,Logic gates and static CMOS implementations,yes,,Pass-transistor logic function,EC2-2017.pdf
2017-2-16,2017,Set 2,EC,16,1,MCQ,EC.5,Digital Circuits,EC.5.2,Combinational Circuits,EC.5.2.7,Multiplexers,yes,,Boolean function of two-MUX circuit,EC2-2017.pdf
2017-2-17,2017,Set 2,EC,17,1,MCQ,EC.5,Digital Circuits,EC.5.5,Semiconductor Memories,EC.5.5.3,DRAM,yes,,DRAM storage mechanism,EC2-2017.pdf
2017-2-18,2017,Set 2,EC,18,1,NAT,EC.6,Control Systems,EC.6.1,System Modelling,EC.6.1.4,Block diagram representation,yes,,Transfer function of block diagram,EC2-2017.pdf
2017-2-19,2017,Set 2,EC,19,1,NAT,EC.6,Control Systems,EC.6.6,State-Space Analysis,EC.6.6.2,Solution of state equation of LTI systems,yes,,Steady-state state vector magnitude,EC2-2017.pdf
2017-2-20,2017,Set 2,EC,20,1,MCQ,EC.6,Control Systems,EC.6.5,Compensators and Controllers,EC.6.5.1,Compensators,yes,,Lead/lag compensator statements,EC2-2017.pdf
2017-2-21,2017,Set 2,EC,21,1,MCQ,EC.7,Communications,EC.7.3,Information Theory,EC.7.3.4,Channel capacity theorem,yes,,BSC capacity vs crossover probability,EC2-2017.pdf
2017-2-22,2017,Set 2,EC,22,1,NAT,EC.7,Communications,EC.7.1,Random Processes,,,yes,,Mean of random process U + Vt,EC2-2017.pdf
2017-2-23,2017,Set 2,EC,23,1,NAT,EC.7,Communications,EC.7.4,Digital Communications,EC.7.4.1,PCM,yes,,PCM bits for 40 dB SQNR,EC2-2017.pdf
2017-2-24,2017,Set 2,EC,24,1,MCQ,EC.8,Electromagnetics,EC.8.1,Maxwell's Equations,,,no,Electrostatics,Connected conducting spheres: V and E,EC2-2017.pdf
2017-2-25,2017,Set 2,EC,25,1,NAT,EC.8,Electromagnetics,EC.8.3,Transmission Lines,EC.8.3.3,Impedance matching,yes,,Reflected power from VSWR,EC2-2017.pdf
2017-2-26,2017,Set 2,EC,26,2,MCQ,EC.1,Engineering Mathematics,EC.1.2,Calculus,EC.1.2.6,Multiple integrals,yes,,Iterated integrals in different order,EC2-2017.pdf
2017-2-27,2017,Set 2,EC,27,2,MCQ,EC.1,Engineering Mathematics,EC.1.5,Complex Analysis,EC.1.5.6,Residue theorem,yes,,Contour integral by residues,EC2-2017.pdf
2017-2-28,2017,Set 2,EC,28,2,MCQ,EC.1,Engineering Mathematics,EC.1.4,Vector Analysis,EC.1.4.3,"Gradient, divergence and curl",yes,,Constants for irrotational field,EC2-2017.pdf
2017-2-29,2017,Set 2,EC,29,2,NAT,EC.1,Engineering Mathematics,EC.1.6,Probability and Statistics,EC.1.6.1,"Mean, median, mode, standard deviation",yes,,Mean number of attempts (geometric),EC2-2017.pdf
2017-2-30,2017,Set 2,EC,30,2,NAT,EC.1,Engineering Mathematics,EC.1.2,Calculus,EC.1.2.5,Maxima and minima,yes,,Minimum of cubic on interval,EC2-2017.pdf
2017-2-31,2017,Set 2,EC,31,2,NAT,EC.2,"Networks, Signals and Systems",EC.2.3,Time and Frequency Domain Analysis of Linear Circuits,EC.2.3.1,RL circuits,yes,,RL transient current,EC2-2017.pdf
2017-2-32,2017,Set 2,EC,32,2,NAT,EC.2,"Networks, Signals and Systems",EC.2.1,Circuit Analysis,EC.2.1.3,Thevenin's theorem,yes,,Thevenin resistance with dependent source,EC2-2017.pdf
2017-2-33,2017,Set 2,EC,33,2,NAT,EC.2,"Networks, Signals and Systems",EC.2.5,LTI Systems,EC.2.5.7,Frequency response,yes,,Output power through filter with linear phase,EC2-2017.pdf
2017-2-34,2017,Set 2,EC,34,2,NAT,EC.2,"Networks, Signals and Systems",EC.2.5,LTI Systems,EC.2.5.4,Impulse response,yes,,Integrator output to sinc input as t→∞,EC2-2017.pdf
2017-2-35,2017,Set 2,EC,35,2,NAT,EC.2,"Networks, Signals and Systems",EC.2.5,LTI Systems,EC.2.5.4,Impulse response,yes,,Energy of parallel-system output,EC2-2017.pdf
2017-2-36,2017,Set 2,EC,36,2,NAT,EC.3,Electronic Devices,EC.3.3,Semiconductor Devices,EC.3.3.4,MOS capacitor,yes,,MOS capacitor fixed charge from flat-band,EC2-2017.pdf
2017-2-37,2017,Set 2,EC,37,2,NAT,EC.3,Electronic Devices,EC.3.3,Semiconductor Devices,EC.3.3.9,Solar cell,yes,,Solar cell Voc vs intensity,EC2-2017.pdf
2017-2-38,2017,Set 2,EC,38,2,MCQ,EC.3,Electronic Devices,EC.3.3,Semiconductor Devices,EC.3.3.5,MOSFET,yes,,MOSFET ID and gm scaling,EC2-2017.pdf
2017-2-39,2017,Set 2,EC,39,2,MCQ,EC.3,Electronic Devices,EC.3.3,Semiconductor Devices,EC.3.3.1,P-N junction,yes,,Electric field profile of pn junction,EC2-2017.pdf
2017-2-40,2017,Set 2,EC,40,2,MCQ,EC.4,Analog Circuits,EC.4.2,BJT and MOSFET Amplifiers,EC.4.2.1,Biasing,yes,,Operating regions of stacked NMOS,EC2-2017.pdf
2017-2-41,2017,Set 2,EC,41,2,NAT,EC.4,Analog Circuits,EC.4.2,BJT and MOSFET Amplifiers,EC.4.2.3,Small signal analysis,yes,,Cascode-like BJT stage gain,EC2-2017.pdf
2017-2-42,2017,Set 2,EC,42,2,NAT,EC.4,Analog Circuits,EC.4.3,Op-amp Circuits,EC.4.3.1,Amplifiers,yes,,Op-amp bandgap-type voltage reference,EC2-2017.pdf
2017-2-43,2017,Set 2,EC,43,2,NAT,EC.5,Digital Circuits,EC.5.3,Sequential Circuits,EC.5.3.4,Finite state machines,yes,,FSM sequence detector output count,EC2-2017.pdf
2017-2-44,2017,Set 2,EC,44,2,NAT,EC.5,Digital Circuits,EC.5.2,Combinational Circuits,EC.5.2.5,Arithmetic circuits,yes,,Ripple-carry adder settling time,EC2-2017.pdf
2017-2-45,2017,Set 2,EC,45,2,MCQ,EC.5,Digital Circuits,EC.5.2,Combinational Circuits,EC.5.2.1,Boolean algebra,yes,,Function implemented by PLA,EC2-2017.pdf
2017-2-46,2017,Set 2,EC,46,2,NAT,EC.6,Control Systems,EC.6.3,Stability Analysis,EC.6.3.1,Routh-Hurwitz criterion,yes,,k for sustained oscillation at 2 rad/s,EC2-2017.pdf
2017-2-47,2017,Set 2,EC,47,2,MCQ,EC.6,Control Systems,EC.6.2,Time-Domain Analysis,EC.6.2.1,Transient analysis of LTI systems,yes,,Damping of second-order state model,EC2-2017.pdf
2017-2-48,2017,Set 2,EC,48,2,MCQ,EC.6,Control Systems,EC.6.3,Stability Analysis,EC.6.3.2,Nyquist criterion,yes,,RHP closed-loop poles from Nyquist plot,EC2-2017.pdf
2017-2-49,2017,Set 2,EC,49,2,MCQ,EC.2,"Networks, Signals and Systems",EC.2.6,Continuous-time Signals,EC.2.6.4,Sampling and reconstruction,yes,,Aliased sinusoids after sampling,EC2-2017.pdf
2017-2-50,2017,Set 2,EC,50,2,NAT,EC.7,Communications,EC.7.2,Analog Communications,EC.7.2.1,Amplitude modulation and demodulation,yes,,AM transmitter carrier power vs modulation,EC2-2017.pdf
2017-2-51,2017,Set 2,EC,51,2,NAT,EC.7,Communications,EC.7.2,Analog Communications,EC.7.2.2,Angle modulation and demodulation,yes,,Instantaneous frequency of PM signal,EC2-2017.pdf
2017-2-52,2017,Set 2,EC,52,2,MCQ,EC.7,Communications,EC.7.3,Information Theory,EC.7.3.4,Channel capacity theorem,yes,,Classify binary channel (useless),EC2-2017.pdf
2017-2-53,2017,Set 2,EC,53,2,NAT,EC.8,Electromagnetics,EC.8.1,Maxwell's Equations,,,no,Electrostatics,Closest approach of two electrons,EC2-2017.pdf
2017-2-54,2017,Set 2,EC,54,2,MCQ,EC.8,Electromagnetics,EC.8.4,Waveguides,EC.8.4.1,Rectangular waveguides,yes,,Waveguide operating frequency range,EC2-2017.pdf
2017-2-55,2017,Set 2,EC,55,2,NAT,EC.8,Electromagnetics,EC.8.2,Plane Waves and Properties,EC.8.2.1,Reflection and refraction,yes,,Critical angle: depth of light source,EC2-2017.pdf
2017-2-56,2017,Set 2,GA,56,1,MCQ,GA.1,Verbal Aptitude,GA.1.2,Vocabulary,,,yes,,Word completion (respectively),EC2-2017.pdf
2017-2-57,2017,Set 2,GA,57,1,MCQ,GA.1,Verbal Aptitude,GA.1.1,Grammar and Usage,,,yes,,Comparative sentence completion,EC2-2017.pdf
2017-2-58,2017,Set 2,GA,58,1,MCQ,GA.3,Analytical Aptitude,GA.3.1,Logical Reasoning,,,yes,,Rule checking (drinking age),EC2-2017.pdf
2017-2-59,2017,Set 2,GA,59,1,MCQ,GA.2,Quantitative Aptitude,GA.2.3,Geometry and Mensuration,,,yes,,Direction and distance,EC2-2017.pdf
2017-2-60,2017,Set 2,GA,60,1,MCQ,GA.2,Quantitative Aptitude,GA.2.2,Arithmetic and Algebra,,,yes,,Three-set inclusion-exclusion,EC2-2017.pdf
2017-2-61,2017,Set 2,GA,61,2,MCQ,GA.1,Verbal Aptitude,GA.1.3,Reading Comprehension,,,yes,,Author's opinion from passage,EC2-2017.pdf
2017-2-62,2017,Set 2,GA,62,2,MCQ,GA.3,Analytical Aptitude,GA.3.1,Logical Reasoning,,,yes,,Family relations: false statement,EC2-2017.pdf
2017-2-63,2017,Set 2,GA,63,2,MCQ,GA.2,Quantitative Aptitude,GA.2.2,Arithmetic and Algebra,,,yes,,Work with men and women,EC2-2017.pdf
2017-2-64,2017,Set 2,GA,64,2,MCQ,GA.2,Quantitative Aptitude,GA.2.2,Arithmetic and Algebra,,,yes,,3-digit numbers without '21',EC2-2017.pdf
2017-2-65,2017,Set 2,GA,65,2,MCQ,GA.4,Spatial Aptitude,GA.4.1,Spatial Reasoning,,,yes,,Steepest path on contour map,EC2-2017.pdf
2018-GA1,2018,,GA,GA1,1,MCQ,GA.1,Verbal Aptitude,GA.1.2,Vocabulary,,,yes,,"Homophones (piece, peace)",EC2018.pdf
2018-GA2,2018,,GA,GA2,1,MCQ,GA.1,Verbal Aptitude,GA.1.2,Vocabulary,,,yes,,Word pair completion,EC2018.pdf
2018-GA3,2018,,GA,GA3,1,MCQ,GA.2,Quantitative Aptitude,GA.2.2,Arithmetic and Algebra,,,yes,,Divisibility by 3: missing digit,EC2018.pdf
2018-GA4,2018,,GA,GA4,1,MCQ,GA.2,Quantitative Aptitude,GA.2.2,Arithmetic and Algebra,,,yes,,Sum of geometric series,EC2018.pdf
2018-GA5,2018,,GA,GA5,1,MCQ,GA.2,Quantitative Aptitude,GA.2.3,Geometry and Mensuration,,,yes,,Lamp post height from shadow,EC2018.pdf
2018-GA6,2018,,GA,GA6,2,MCQ,GA.2,Quantitative Aptitude,GA.2.2,Arithmetic and Algebra,,,yes,,Compound interest present value,EC2018.pdf
2018-GA7,2018,,GA,GA7,2,MCQ,GA.2,Quantitative Aptitude,GA.2.2,Arithmetic and Algebra,,,yes,,Alloy mixture ratio,EC2018.pdf
2018-GA8,2018,,GA,GA8,2,MCQ,GA.1,Verbal Aptitude,GA.1.3,Reading Comprehension,,,yes,,Passage inference (leadership),EC2018.pdf
2018-GA9,2018,,GA,GA9,2,MCQ,GA.2,Quantitative Aptitude,GA.2.4,Probability and Statistics,,,yes,,Bayes: colour of cab,EC2018.pdf
2018-GA10,2018,,GA,GA10,2,MCQ,GA.1,Verbal Aptitude,GA.1.3,Reading Comprehension,,,yes,,Passage inference (coastal region),EC2018.pdf
2018-1,2018,,EC,1,1,MCQ,EC.4,Analog Circuits,EC.4.2,BJT and MOSFET Amplifiers,EC.4.2.3,Small signal analysis,yes,,Transconductance of cascode MOS pair,EC2018.pdf
2018-2,2018,,EC,2,1,MCQ,EC.4,Analog Circuits,EC.4.3,Op-amp Circuits,EC.4.3.4,Integrators,yes,,Op-amp integrator with Zener: crossing time,EC2018.pdf
2018-3,2018,,EC,3,1,MCQ,EC.4,Analog Circuits,EC.4.2,BJT and MOSFET Amplifiers,,,yes,,Ideal transimpedance amplifier impedances,EC2018.pdf
2018-4,2018,,EC,4,1,MCQ,EC.2,"Networks, Signals and Systems",EC.2.5,LTI Systems,EC.2.5.1,Definition and properties,yes,,Identify non-linear system,EC2018.pdf
2018-5,2018,,EC,5,1,MCQ,EC.6,Control Systems,EC.6.3,Stability Analysis,,,yes,,Nyquist vs Routh: false statement,EC2018.pdf
2018-6,2018,,EC,6,1,MCQ,EC.1,Engineering Mathematics,EC.1.2,Calculus,,,yes,,Number of real roots of cubic,EC2018.pdf
2018-7,2018,,EC,7,1,MCQ,EC.3,Electronic Devices,EC.3.3,Semiconductor Devices,EC.3.3.1,P-N junction,yes,,pn junction at equilibrium: false statement,EC2018.pdf
2018-8,2018,,EC,8,1,MCQ,EC.5,Digital Circuits,EC.5.2,Combinational Circuits,EC.5.2.4,Logic gates and static CMOS implementations,yes,,Logic function of MOS circuit,EC2018.pdf
2018-9,2018,,EC,9,1,MCQ,EC.5,Digital Circuits,EC.5.2,Combinational Circuits,EC.5.2.1,Boolean algebra,yes,,POS form of SOP function,EC2018.pdf
2018-10,2018,,EC,10,1,MCQ,EC.8,Electromagnetics,EC.8.3,Transmission Lines,EC.8.3.6,Smith chart,yes,,Points on Smith chart,EC2018.pdf
2018-11,2018,,EC,11,1,MCQ,EC.1,Engineering Mathematics,EC.1.1,Linear Algebra,EC.1.1.5,Eigenvalues and eigenvectors,yes,,Eigenvector independence implications,EC2018.pdf
2018-12,2018,,EC,12,1,MCQ,EC.1,Engineering Mathematics,EC.1.2,Calculus,EC.1.2.4,Partial derivatives,yes,,Relation from equal partial derivatives,EC2018.pdf
2018-13,2018,,EC,13,1,MCQ,EC.2,"Networks, Signals and Systems",EC.2.5,LTI Systems,EC.2.5.6,Poles and zeros,yes,,Discrete all-pass pole-zero pairs,EC2018.pdf
2018-14,2018,,EC,14,1,MCQ,EC.2,"Networks, Signals and Systems",EC.2.6,Continuous-time Signals,EC.2.6.1,Fourier series,yes,,Fourier coefficients with 4x period,EC2018.pdf
2018-15,2018,,EC,15,1,NAT,EC.7,Communications,EC.7.2,Analog Communications,EC.7.2.1,Amplitude modulation and demodulation,yes,,Message-to-carrier power ratio in AM,EC2018.pdf
2018-16,2018,,EC,16,1,NAT,EC.7,Communications,EC.7.4,Digital Communications,EC.7.4.9,Fundamentals of error correction,yes,,Max codewords with min distance 2,EC2018.pdf
2018-17,2018,,EC,17,1,NAT,EC.7,Communications,EC.7.4,Digital Communications,EC.7.4.8,SNR and BER,yes,,Error probability with triangular noise,EC2018.pdf
2018-18,2018,,EC,18,1,NAT,EC.3,Electronic Devices,EC.3.3,Semiconductor Devices,EC.3.3.1,P-N junction,yes,,Forward voltage for reduced depletion width,EC2018.pdf
2018-19,2018,,EC,19,1,NAT,EC.5,Digital Circuits,EC.5.3,Sequential Circuits,EC.5.3.4,Finite state machines,yes,,Traffic light FSM states,EC2018.pdf
2018-20,2018,,EC,20,1,NAT,EC.3,Electronic Devices,EC.3.3,Semiconductor Devices,,,no,IC fabrication,Photolithography feature size vs wavelength,EC2018.pdf
2018-21,2018,,EC,21,1,NAT,EC.8,Electromagnetics,EC.8.3,Transmission Lines,EC.8.3.1,Transmission line equations,yes,,Attenuation of distortionless line,EC2018.pdf
2018-22,2018,,EC,22,1,NAT,EC.1,Engineering Mathematics,EC.1.1,Linear Algebra,EC.1.1.7,Solution of linear equations - existence and uniqueness,yes,,k for infinitely many solutions,EC2018.pdf
2018-23,2018,,EC,23,1,NAT,EC.1,Engineering Mathematics,EC.1.6,Probability and Statistics,EC.1.6.7,Normal distribution,yes,,P(X4 smallest) for iid Gaussians,EC2018.pdf
2018-24,2018,,EC,24,1,NAT,EC.1,Engineering Mathematics,EC.1.2,Calculus,EC.1.2.8,Taylor series,yes,,Taylor coefficient of integral function,EC2018.pdf
2018-25,2018,,EC,25,1,NAT,EC.2,"Networks, Signals and Systems",EC.2.4,Two-Port Networks and Transformations,EC.2.4.1,Linear 2-port network parameters,yes,,ABCD parameter B,EC2018.pdf
2018-26,2018,,EC,26,2,MCQ,EC.4,Analog Circuits,EC.4.1,Diode Circuits,,,yes,,Zener regulator: input voltage range,EC2018.pdf
2018-27,2018,,EC,27,2,MCQ,EC.7,Communications,EC.7.2,Analog Communications,EC.7.2.1,Amplitude modulation and demodulation,yes,,AM generation with square-law device,EC2018.pdf
2018-28,2018,,EC,28,2,MCQ,EC.7,Communications,EC.7.1,Random Processes,EC.7.1.4,Filtering of random signals through LTI systems,yes,,Output power of filtered white noise,EC2018.pdf
2018-29,2018,,EC,29,2,MCQ,EC.6,Control Systems,EC.6.6,State-Space Analysis,EC.6.6.1,State variable model,yes,,Transfer function from state model,EC2018.pdf
2018-30,2018,,EC,30,2,MCQ,EC.3,Electronic Devices,EC.3.3,Semiconductor Devices,EC.3.3.7,LED,yes,,"Built-in voltages of R, G, B LEDs",EC2018.pdf
2018-31,2018,,EC,31,2,MCQ,EC.5,Digital Circuits,EC.5.2,Combinational Circuits,EC.5.2.7,Multiplexers,yes,,Function from two 4:1 MUXes,EC2018.pdf
2018-32,2018,,EC,32,2,MCQ,EC.5,Digital Circuits,EC.5.5,Semiconductor Memories,EC.5.5.1,ROM,yes,,Diode ROM array read-out,EC2018.pdf
2018-33,2018,,EC,33,2,MCQ,EC.8,Electromagnetics,EC.8.2,Plane Waves and Properties,EC.8.2.5,Skin depth,yes,,Distance for 20 dB attenuation (skin depth),EC2018.pdf
2018-34,2018,,EC,34,2,MCQ,EC.1,Engineering Mathematics,EC.1.3,Differential Equations,,,yes,,Homogeneous first-order ODE,EC2018.pdf
2018-35,2018,,EC,35,2,MCQ,EC.2,"Networks, Signals and Systems",EC.2.2,Sinusoidal Steady State Analysis,EC.2.2.1,Phasors,yes,,Capacitor voltage in AC circuit,EC2018.pdf
2018-36,2018,,EC,36,2,NAT,EC.2,"Networks, Signals and Systems",EC.2.3,Time and Frequency Domain Analysis of Linear Circuits,EC.2.3.1,RL circuits,yes,,RL loop current after switching,EC2018.pdf
2018-37,2018,,EC,37,2,NAT,EC.3,Electronic Devices,EC.3.3,Semiconductor Devices,EC.3.3.1,P-N junction,yes,,Diode small-signal resistance and capacitance,EC2018.pdf
2018-38,2018,,EC,38,2,NAT,EC.4,Analog Circuits,EC.4.3,Op-amp Circuits,EC.4.3.1,Amplifiers,yes,,Op-amp node voltage,EC2018.pdf
2018-39,2018,,EC,39,2,NAT,EC.2,"Networks, Signals and Systems",EC.2.6,Continuous-time Signals,EC.2.6.2,Fourier transform,yes,,Energy after Hilbert transform,EC2018.pdf
2018-40,2018,,EC,40,2,NAT,EC.7,Communications,EC.7.4,Digital Communications,EC.7.4.6,MAP and ML detection,yes,,MAP detector threshold,EC2018.pdf
2018-41,2018,,EC,41,2,NAT,EC.6,Control Systems,EC.6.4,Frequency Response and Root Locus,EC.6.4.1,Frequency response,yes,,Gain for given resonant peak,EC2018.pdf
2018-42,2018,,EC,42,2,NAT,EC.6,Control Systems,EC.6.4,Frequency Response and Root Locus,EC.6.4.2,Bode plots,yes,,Max gain for stability from Bode plots,EC2018.pdf
2018-43,2018,,EC,43,2,NAT,EC.3,Electronic Devices,EC.3.3,Semiconductor Devices,EC.3.3.5,MOSFET,yes,,Stacked NMOS with different W/L,EC2018.pdf
2018-44,2018,,EC,44,2,NAT,EC.3,Electronic Devices,EC.3.3,Semiconductor Devices,EC.3.3.9,Solar cell,yes,,Solar cell Voc at reduced intensity,EC2018.pdf
2018-45,2018,,EC,45,2,NAT,EC.3,Electronic Devices,EC.3.1,Energy Bands and Carrier Concentration,EC.3.1.3,Equilibrium carrier concentration,yes,,Built-in potential of p-p+ junction,EC2018.pdf
2018-46,2018,,EC,46,2,NAT,EC.5,Digital Circuits,EC.5.3,Sequential Circuits,EC.5.3.1,Latches and flip-flops,yes,,D flip-flop sampling with XOR: average output,EC2018.pdf
2018-47,2018,,EC,47,2,NAT,EC.5,Digital Circuits,EC.5.2,Combinational Circuits,EC.5.2.4,Logic gates and static CMOS implementations,yes,,Wired logic with open-drain gates,EC2018.pdf
2018-48,2018,,EC,48,2,NAT,EC.8,Electromagnetics,EC.8.4,Waveguides,EC.8.4.1,Rectangular waveguides,yes,,Guide wavelength of rectangular waveguide,EC2018.pdf
2018-49,2018,,EC,49,2,NAT,EC.8,Electromagnetics,EC.8.2,Plane Waves and Properties,EC.8.2.1,Reflection and refraction,yes,,Brewster angle: relative permittivity,EC2018.pdf
2018-50,2018,,EC,50,2,NAT,EC.1,Engineering Mathematics,EC.1.3,Differential Equations,EC.1.3.8,Initial and boundary value problems,yes,,Second-order IVP value at t = π,EC2018.pdf
2018-51,2018,,EC,51,2,NAT,EC.1,Engineering Mathematics,EC.1.5,Complex Analysis,EC.1.5.3,Cauchy's integral formula,yes,,Contour integral around given contour,EC2018.pdf
2018-52,2018,,EC,52,2,NAT,EC.1,Engineering Mathematics,EC.1.2,Calculus,EC.1.2.4,Partial derivatives,yes,,Partial derivative with implicit constraint,EC2018.pdf
2018-53,2018,,EC,53,2,NAT,EC.2,"Networks, Signals and Systems",EC.2.1,Circuit Analysis,EC.2.1.1,Node and mesh analysis,yes,,Source current in resistive network,EC2018.pdf
2018-54,2018,,EC,54,2,NAT,EC.2,"Networks, Signals and Systems",EC.2.6,Continuous-time Signals,EC.2.6.4,Sampling and reconstruction,yes,,Minimum sampling rate with practical filter,EC2018.pdf
2018-55,2018,,EC,55,2,NAT,EC.2,"Networks, Signals and Systems",EC.2.7,Discrete-time Signals,EC.2.7.2,DFT,yes,,Sum of even samples from DFT,EC2018.pdf
2019-GA1,2019,,GA,GA1,1,MCQ,GA.1,Verbal Aptitude,GA.1.1,Grammar and Usage,,,yes,,Subject-verb agreement,EC2019.pdf
2019-GA2,2019,,GA,GA2,1,MCQ,GA.1,Verbal Aptitude,GA.1.1,Grammar and Usage,,,yes,,Preposition usage (at dawn),EC2019.pdf
2019-GA3,2019,,GA,GA3,1,MCQ,GA.2,Quantitative Aptitude,GA.2.2,Arithmetic and Algebra,,,yes,,Machines working together,EC2019.pdf
2019-GA4,2019,,GA,GA4,1,MCQ,GA.2,Quantitative Aptitude,GA.2.2,Arithmetic and Algebra,,,yes,,Arrangements of books,EC2019.pdf
2019-GA5,2019,,GA,GA5,1,MCQ,GA.1,Verbal Aptitude,GA.1.2,Vocabulary,,,yes,,Word completion (pictured),EC2019.pdf
2019-GA6,2019,,GA,GA6,2,MCQ,GA.3,Analytical Aptitude,GA.3.1,Logical Reasoning,,,yes,,Seating/profession arrangement,EC2019.pdf
2019-GA7,2019,,GA,GA7,2,MCQ,GA.2,Quantitative Aptitude,GA.2.1,Data Interpretation,,,yes,,Literacy bar and pie charts,EC2019.pdf
2019-GA8,2019,,GA,GA8,2,MCQ,GA.1,Verbal Aptitude,GA.1.3,Reading Comprehension,,,yes,,Inference from passage,EC2019.pdf
2019-GA9,2019,,GA,GA9,2,MCQ,GA.2,Quantitative Aptitude,GA.2.2,Arithmetic and Algebra,,,yes,,Consultant hours and payment,EC2019.pdf
2019-GA10,2019,,GA,GA10,2,MCQ,GA.3,Analytical Aptitude,GA.3.1,Logical Reasoning,,,yes,,Office floor-plan arrangement,EC2019.pdf
2019-1,2019,,EC,1,1,MCQ,EC.1,Engineering Mathematics,EC.1.5,Complex Analysis,EC.1.5.1,Analytic functions,yes,,Function analytic over entire plane,EC2019.pdf
2019-2,2019,,EC,2,1,MCQ,EC.1,Engineering Mathematics,EC.1.3,Differential Equations,,,yes,,Families of curves from ODE,EC2019.pdf
2019-3,2019,,EC,3,1,MCQ,EC.2,"Networks, Signals and Systems",EC.2.7,Discrete-time Signals,EC.2.7.3,z-transform,yes,,Zeros of H(z)H(1/z),EC2019.pdf
2019-4,2019,,EC,4,1,MCQ,EC.2,"Networks, Signals and Systems",EC.2.1,Circuit Analysis,EC.2.1.5,Reciprocity,yes,,Reciprocity in resistive two-port,EC2019.pdf
2019-5,2019,,EC,5,1,MCQ,EC.6,Control Systems,EC.6.2,Time-Domain Analysis,EC.6.2.1,Transient analysis of LTI systems,yes,,Forced response of causal system,EC2019.pdf
2019-6,2019,,EC,6,1,MCQ,EC.6,Control Systems,EC.6.4,Frequency Response and Root Locus,EC.6.4.2,Bode plots,yes,,Poles and zeros from Bode plot,EC2019.pdf
2019-7,2019,,EC,7,1,MCQ,EC.7,Communications,EC.7.4,Digital Communications,EC.7.4.10,Hamming codes,yes,,Linear Hamming code mapping,EC2019.pdf
2019-8,2019,,EC,8,1,MCQ,EC.3,Electronic Devices,EC.3.1,Energy Bands and Carrier Concentration,EC.3.1.2,Energy bands in intrinsic and extrinsic semiconductors,yes,,Band diagram of pnn+p++ structure,EC2019.pdf
2019-9,2019,,EC,9,1,MCQ,EC.3,Electronic Devices,EC.3.3,Semiconductor Devices,EC.3.3.3,BJT,yes,,Circuit model of BJT structure,EC2019.pdf
2019-10,2019,,EC,10,1,MCQ,EC.3,Electronic Devices,EC.3.3,Semiconductor Devices,EC.3.3.4,MOS capacitor,yes,,"MOS C-V curve: flat-band, inversion, accumulation",EC2019.pdf
2019-11,2019,,EC,11,1,MCQ,EC.8,Electromagnetics,EC.8.1,Maxwell's Equations,EC.8.1.1,Differential and integral forms and their interpretation,yes,,Flux through quarter cylinder (Gauss),EC2019.pdf
2019-12,2019,,EC,12,1,MCQ,EC.8,Electromagnetics,EC.8.1,Maxwell's Equations,EC.8.1.1,Differential and integral forms and their interpretation,yes,,Match Maxwell's equations,EC2019.pdf
2019-13,2019,,EC,13,1,MCQ,EC.5,Digital Circuits,EC.5.2,Combinational Circuits,EC.5.2.4,Logic gates and static CMOS implementations,yes,,CMOS inverter noise margins vs pMOS width,EC2019.pdf
2019-14,2019,,EC,14,1,MCQ,EC.5,Digital Circuits,EC.5.2,Combinational Circuits,EC.5.2.4,Logic gates and static CMOS implementations,yes,,Tri-state CMOS buffer output,EC2019.pdf
2019-15,2019,,EC,15,1,MCQ,EC.5,Digital Circuits,EC.5.2,Combinational Circuits,EC.5.2.4,Logic gates and static CMOS implementations,yes,,Pass-transistor circuit function (XNOR),EC2019.pdf
2019-16,2019,,EC,16,1,NAT,EC.1,Engineering Mathematics,EC.1.5,Complex Analysis,EC.1.5.6,Residue theorem,yes,,Contour integral of (z+1/z)²,EC2019.pdf
2019-17,2019,,EC,17,1,NAT,EC.1,Engineering Mathematics,EC.1.1,Linear Algebra,EC.1.1.5,Eigenvalues and eigenvectors,yes,,Distinct eigenvalues of triangular matrix,EC2019.pdf
2019-18,2019,,EC,18,1,NAT,EC.1,Engineering Mathematics,EC.1.6,Probability and Statistics,EC.1.6.1,"Mean, median, mode, standard deviation",yes,,E[X]+E[Y] from linear expectations,EC2019.pdf
2019-19,2019,,EC,19,1,NAT,EC.1,Engineering Mathematics,EC.1.2,Calculus,EC.1.2.6,Multiple integrals,yes,,Double integral by changing order,EC2019.pdf
2019-20,2019,,EC,20,1,NAT,EC.1,Engineering Mathematics,EC.1.6,Probability and Statistics,EC.1.6.6,Exponential distribution,yes,,Memoryless property of exponential,EC2019.pdf
2019-21,2019,,EC,21,1,NAT,EC.2,"Networks, Signals and Systems",EC.2.6,Continuous-time Signals,EC.2.6.1,Fourier series,yes,,Fundamental period of sum of sinusoids,EC2019.pdf
2019-22,2019,,EC,22,1,NAT,EC.7,Communications,EC.7.2,Analog Communications,EC.7.2.2,Angle modulation and demodulation,yes,,PM instantaneous frequency ratio,EC2019.pdf
2019-23,2019,,EC,23,1,NAT,EC.8,Electromagnetics,EC.8.6,Antennas,EC.8.6.1,Dipole antennas,yes,,Radiation resistance change of short dipole,EC2019.pdf
2019-24,2019,,EC,24,1,NAT,EC.4,Analog Circuits,EC.4.1,Diode Circuits,,,yes,,Average load voltage with diode network,EC2019.pdf
2019-25,2019,,EC,25,1,NAT,EC.5,Digital Circuits,EC.5.3,Sequential Circuits,EC.5.3.2,Counters,yes,,Frequency at Q2 of flip-flop circuit,EC2019.pdf
2019-26,2019,,EC,26,2,MCQ,EC.1,Engineering Mathematics,EC.1.2,Calculus,EC.1.2.1,Mean value theorems,yes,,Bound on f(x) from derivative (MVT),EC2019.pdf
2019-27,2019,,EC,27,2,MCQ,EC.1,Engineering Mathematics,EC.1.4,Vector Analysis,EC.1.4.4,"Gauss's, Green's and Stokes' theorems",yes,,Line integral via Green's theorem,EC2019.pdf
2019-28,2019,,EC,28,2,MCQ,EC.2,"Networks, Signals and Systems",EC.2.7,Discrete-time Signals,EC.2.7.2,DFT,yes,,Six-point DIT FFT coefficients,EC2019.pdf
2019-29,2019,,EC,29,2,MCQ,EC.2,"Networks, Signals and Systems",EC.2.7,Discrete-time Signals,EC.2.7.4,FIR filter design,yes,,Three-tap FIR filter nulling input,EC2019.pdf
2019-30,2019,,EC,30,2,MCQ,EC.2,"Networks, Signals and Systems",EC.2.2,Sinusoidal Steady State Analysis,EC.2.2.1,Phasors,yes,,Steady-state current in RC network,EC2019.pdf
2019-31,2019,,EC,31,2,MCQ,EC.6,Control Systems,EC.6.2,Time-Domain Analysis,EC.6.2.1,Transient analysis of LTI systems,yes,,Time to reach 94% of final value,EC2019.pdf
2019-32,2019,,EC,32,2,MCQ,EC.6,Control Systems,EC.6.1,System Modelling,EC.6.1.4,Block diagram representation,yes,,Transfer function from block diagram,EC2019.pdf
2019-33,2019,,EC,33,2,MCQ,EC.6,Control Systems,EC.6.6,State-Space Analysis,EC.6.6.1,State variable model,yes,,State model for given transfer function,EC2019.pdf
2019-34,2019,,EC,34,2,MCQ,EC.7,Communications,EC.7.4,Digital Communications,EC.7.4.8,SNR and BER,yes,,Equal BER for different signal sets,EC2019.pdf
2019-35,2019,,EC,35,2,MCQ,EC.3,Electronic Devices,EC.3.3,Semiconductor Devices,EC.3.3.8,Photodiode,yes,,Photodetector responsivity vs quantum efficiency,EC2019.pdf
2019-36,2019,,EC,36,2,MCQ,EC.8,Electromagnetics,EC.8.1,Maxwell's Equations,,,no,Magnetostatics,Magnetic field between parallel wires,EC2019.pdf
2019-37,2019,,EC,37,2,MCQ,EC.8,Electromagnetics,EC.8.4,Waveguides,,,yes,,Phase velocity from waveguide dispersion,EC2019.pdf
2019-38,2019,,EC,38,2,MCQ,EC.4,Analog Circuits,EC.4.1,Diode Circuits,,,yes,,Zener regulator input voltage range,EC2019.pdf
2019-39,2019,,EC,39,2,MCQ,EC.5,Digital Circuits,EC.5.3,Sequential Circuits,EC.5.3.4,Finite state machines,yes,,State diagram of D-FF with MUX,EC2019.pdf
2019-40,2019,,EC,40,2,MCQ,EC.3,Electronic Devices,EC.3.3,Semiconductor Devices,EC.3.3.5,MOSFET,yes,,Pass-transistor output voltages (Vt drop),EC2019.pdf
2019-41,2019,,EC,41,2,NAT,EC.2,"Networks, Signals and Systems",EC.2.3,Time and Frequency Domain Analysis of Linear Circuits,EC.2.3.2,RC circuits,yes,,RC circuit with time-varying resistance,EC2019.pdf
2019-42,2019,,EC,42,2,NAT,EC.6,Control Systems,EC.6.3,Stability Analysis,EC.6.3.1,Routh-Hurwitz criterion,yes,,K for two jω-axis poles,EC2019.pdf
2019-43,2019,,EC,43,2,NAT,EC.1,Engineering Mathematics,EC.1.3,Differential Equations,EC.1.3.2,Euler-Cauchy equation,yes,,Euler-Cauchy equation boundary values,EC2019.pdf
2019-44,2019,,EC,44,2,NAT,EC.2,"Networks, Signals and Systems",EC.2.7,Discrete-time Signals,EC.2.7.4,FIR filter design,yes,,Optimal truncated FIR approximation,EC2019.pdf
2019-45,2019,,EC,45,2,NAT,EC.7,Communications,EC.7.1,Random Processes,EC.7.1.4,Filtering of random signals through LTI systems,yes,,Output power of filtered noise plus process,EC2019.pdf
2019-46,2019,,EC,46,2,NAT,EC.7,Communications,EC.7.4,Digital Communications,EC.7.4.1,PCM,yes,,Bit rate for digitized AM signal,EC2019.pdf
2019-47,2019,,EC,47,2,NAT,EC.7,Communications,EC.7.4,Digital Communications,EC.7.4.6,MAP and ML detection,yes,,Minimum error probability with uniform noise,EC2019.pdf
2019-48,2019,,EC,48,2,NAT,EC.3,Electronic Devices,EC.3.1,Energy Bands and Carrier Concentration,EC.3.1.2,Energy bands in intrinsic and extrinsic semiconductors,yes,,Germanium absorption: layer thickness,EC2019.pdf
2019-49,2019,,EC,49,2,NAT,EC.3,Electronic Devices,EC.3.3,Semiconductor Devices,EC.3.3.1,P-N junction,yes,,Reverse bias for 75% of saturation current,EC2019.pdf
2019-50,2019,,EC,50,2,NAT,EC.3,Electronic Devices,EC.3.3,Semiconductor Devices,EC.3.3.5,MOSFET,yes,,MOSFET drain saturation current,EC2019.pdf
2019-51,2019,,EC,51,2,NAT,EC.8,Electromagnetics,EC.8.4,Waveguides,EC.8.4.1,Rectangular waveguides,yes,,Waveguide aspect ratio from cutoffs,EC2019.pdf
2019-52,2019,,EC,52,2,NAT,EC.4,Analog Circuits,EC.4.1,Diode Circuits,,,yes,,Capacitor voltage via diode with square wave,EC2019.pdf
2019-53,2019,,EC,53,2,NAT,EC.5,Digital Circuits,EC.5.2,Combinational Circuits,EC.5.2.4,Logic gates and static CMOS implementations,yes,,CMOS inverter W/L ratio for VM = VDD/2,EC2019.pdf
2019-54,2019,,EC,54,2,NAT,EC.4,Analog Circuits,EC.4.2,BJT and MOSFET Amplifiers,EC.4.2.3,Small signal analysis,yes,,CS amplifier with current-mirror load: gain,EC2019.pdf
2019-55,2019,,EC,55,2,NAT,EC.4,Analog Circuits,EC.4.2,BJT and MOSFET Amplifiers,EC.4.2.6,Differential amplifiers,yes,,Differential pair with mirror: output current,EC2019.pdf
2020-GA1,2020,,GA,GA1,1,MCQ,GA.1,Verbal Aptitude,GA.1.1,Grammar and Usage,,,yes,,"Prepositions (killed in, die of)",EC2020.pdf
2020-GA2,2020,,GA,GA2,1,MCQ,GA.1,Verbal Aptitude,GA.1.1,Grammar and Usage,,,yes,,Conjunction (not only ... but also),EC2020.pdf
2020-GA3,2020,,GA,GA3,1,MCQ,GA.1,Verbal Aptitude,GA.1.2,Vocabulary,,,yes,,Word analogy,EC2020.pdf
2020-GA4,2020,,GA,GA4,1,MCQ,GA.1,Verbal Aptitude,GA.1.3,Reading Comprehension,,,yes,,Passage inference (Air Canada),EC2020.pdf
2020-GA5,2020,,GA,GA5,1,MCQ,GA.2,Quantitative Aptitude,GA.2.2,Arithmetic and Algebra,,,yes,,Superadditive function,EC2020.pdf
2020-GA6,2020,,GA,GA6,2,MCQ,GA.1,Verbal Aptitude,GA.1.4,Sentence and Paragraph Ordering,,,yes,,Sequence of events from passage,EC2020.pdf
2020-GA7,2020,,GA,GA7,2,MCQ,GA.2,Quantitative Aptitude,GA.2.3,Geometry and Mensuration,,,yes,,Angle between clock hands,EC2020.pdf
2020-GA8,2020,,GA,GA8,2,MCQ,GA.2,Quantitative Aptitude,GA.2.3,Geometry and Mensuration,,,yes,,Area outside inscribed rectangle,EC2020.pdf
2020-GA9,2020,,GA,GA9,2,MCQ,GA.2,Quantitative Aptitude,GA.2.2,Arithmetic and Algebra,,,yes,,Equal roots of quadratic,EC2020.pdf
2020-GA10,2020,,GA,GA10,2,MCQ,GA.2,Quantitative Aptitude,GA.2.1,Data Interpretation,,,yes,,Ratio from enrolment bar chart,EC2020.pdf
2020-1,2020,,EC,1,1,MCQ,EC.1,Engineering Mathematics,EC.1.1,Linear Algebra,EC.1.1.2,Basis,yes,,Vectors in R^4: false statement,EC2020.pdf
2020-2,2020,,EC,2,1,MCQ,EC.1,Engineering Mathematics,EC.1.4,Vector Analysis,EC.1.4.3,"Gradient, divergence and curl",yes,,Vector field identities: false statement,EC2020.pdf
2020-3,2020,,EC,3,1,MCQ,EC.1,Engineering Mathematics,EC.1.2,Calculus,EC.1.2.4,Partial derivatives,yes,,Partial derivative at a point,EC2020.pdf
2020-4,2020,,EC,4,1,MCQ,EC.1,Engineering Mathematics,EC.1.3,Differential Equations,EC.1.3.1,Linear differential equations,yes,,General solution with repeated root,EC2020.pdf
2020-5,2020,,EC,5,1,MCQ,EC.2,"Networks, Signals and Systems",EC.2.5,LTI Systems,EC.2.5.4,Impulse response,yes,,Impulse response of running-max system,EC2020.pdf
2020-6,2020,,EC,6,1,MCQ,EC.3,Electronic Devices,EC.3.1,Energy Bands and Carrier Concentration,EC.3.1.3,Equilibrium carrier concentration,yes,,Intrinsic Fermi level shift,EC2020.pdf
2020-7,2020,,EC,7,1,MCQ,EC.3,Electronic Devices,EC.3.2,Carrier Transport,EC.3.2.4,Generation and recombination of carriers,yes,,SRH recombination in pn junction,EC2020.pdf
2020-8,2020,,EC,8,1,MCQ,EC.4,Analog Circuits,EC.4.3,Op-amp Circuits,EC.4.3.6,Schmitt trigger,yes,,Op-amp positive feedback: output,EC2020.pdf
2020-9,2020,,EC,9,1,MCQ,EC.2,"Networks, Signals and Systems",EC.2.1,Circuit Analysis,EC.2.1.3,Thevenin's theorem,yes,,Thevenin voltage,EC2020.pdf
2020-10,2020,,EC,10,1,MCQ,EC.5,Digital Circuits,EC.5.2,Combinational Circuits,EC.5.2.7,Multiplexers,yes,,Boolean function of MUX with enable,EC2020.pdf
2020-11,2020,,EC,11,1,MCQ,EC.6,Control Systems,EC.6.3,Stability Analysis,EC.6.3.2,Nyquist criterion,yes,,Encirclements by mapping contour,EC2020.pdf
2020-12,2020,,EC,12,1,MCQ,EC.1,Engineering Mathematics,EC.1.6,Probability and Statistics,EC.1.6.4,Binomial distribution,yes,,Block error probability,EC2020.pdf
2020-13,2020,,EC,13,1,MCQ,EC.8,Electromagnetics,EC.8.3,Transmission Lines,EC.8.3.6,Smith chart,yes,,Pure reactances on Smith chart,EC2020.pdf
2020-14,2020,,EC,14,1,MCQ,EC.2,"Networks, Signals and Systems",EC.2.7,Discrete-time Signals,EC.2.7.3,z-transform,yes,,Pole-zero plot of FIR system,EC2020.pdf
2020-15,2020,,EC,15,1,NAT,EC.2,"Networks, Signals and Systems",EC.2.4,Two-Port Networks and Transformations,EC.2.4.1,Linear 2-port network parameters,yes,,Load for max power through Z-parameter network,EC2020.pdf
2020-16,2020,,EC,16,1,NAT,EC.2,"Networks, Signals and Systems",EC.2.2,Sinusoidal Steady State Analysis,EC.2.2.1,Phasors,yes,,Inductor value from phasor current,EC2020.pdf
2020-17,2020,,EC,17,1,NAT,EC.4,Analog Circuits,EC.4.1,Diode Circuits,EC.4.1.2,Clamping,yes,,Voltage doubler output,EC2020.pdf
2020-18,2020,,EC,18,1,NAT,EC.4,Analog Circuits,EC.4.3,Op-amp Circuits,EC.4.3.1,Amplifiers,yes,,Op-amp output current,EC2020.pdf
2020-19,2020,,EC,19,1,NAT,EC.5,Digital Circuits,EC.5.6,Computer Organization,,,no,8085 microprocessor,8085 address lines for 16 KB,EC2020.pdf
2020-20,2020,,EC,20,1,NAT,EC.5,Digital Circuits,EC.5.4,Data Converters,EC.5.4.3,DACs,yes,,10-bit DAC output for hex input,EC2020.pdf
2020-21,2020,,EC,21,1,NAT,EC.8,Electromagnetics,EC.8.3,Transmission Lines,EC.8.3.4,Impedance transformation,yes,,Input impedance of 3λ/4 line,EC2020.pdf
2020-22,2020,,EC,22,1,NAT,EC.7,Communications,EC.7.3,Information Theory,EC.7.3.1,Entropy,yes,,Probability maximizing binary entropy,EC2020.pdf
2020-23,2020,,EC,23,1,NAT,EC.6,Control Systems,EC.6.3,Stability Analysis,EC.6.3.1,Routh-Hurwitz criterion,yes,,K for marginal stability,EC2020.pdf
2020-24,2020,,EC,24,1,NAT,EC.7,Communications,EC.7.1,Random Processes,EC.7.1.4,Filtering of random signals through LTI systems,yes,,Variance of integrated white noise,EC2020.pdf
2020-25,2020,,EC,25,1,NAT,EC.1,Engineering Mathematics,EC.1.6,Probability and Statistics,EC.1.6.1,"Mean, median, mode, standard deviation",yes,,"E[min(M,N)] for coin tosses",EC2020.pdf
2020-26,2020,,EC,26,2,MCQ,EC.1,Engineering Mathematics,EC.1.1,Linear Algebra,EC.1.1.7,Solution of linear equations - existence and uniqueness,yes,,Consistency conditions for linear system,EC2020.pdf
2020-27,2020,,EC,27,2,MCQ,EC.1,Engineering Mathematics,EC.1.3,Differential Equations,EC.1.3.7,Variable separable method,yes,,Solutions of separable ODE,EC2020.pdf
2020-28,2020,,EC,28,2,MCQ,EC.2,"Networks, Signals and Systems",EC.2.2,Sinusoidal Steady State Analysis,EC.2.2.1,Phasors,yes,,Phasor network current,EC2020.pdf
2020-29,2020,,EC,29,2,MCQ,EC.2,"Networks, Signals and Systems",EC.2.7,Discrete-time Signals,EC.2.7.2,DFT,yes,,8-point DFT of sampled cosine,EC2020.pdf
2020-30,2020,,EC,30,2,MCQ,EC.6,Control Systems,EC.6.6,State-Space Analysis,EC.6.6.1,State variable model,yes,,State equation of RLC circuit,EC2020.pdf
2020-31,2020,,EC,31,2,MCQ,EC.3,Electronic Devices,EC.3.3,Semiconductor Devices,EC.3.3.1,P-N junction,yes,,Slope of 1/C² vs V,EC2020.pdf
2020-32,2020,,EC,32,2,MCQ,EC.3,Electronic Devices,EC.3.3,Semiconductor Devices,EC.3.3.4,MOS capacitor,yes,,MOS capacitor depletion charge,EC2020.pdf
2020-33,2020,,EC,33,2,MCQ,EC.3,Electronic Devices,EC.3.3,Semiconductor Devices,EC.3.3.3,BJT,yes,,Current gain with graded base doping,EC2020.pdf
2020-34,2020,,EC,34,2,MCQ,EC.3,Electronic Devices,EC.3.3,Semiconductor Devices,EC.3.3.9,Solar cell,yes,,Solar cell optical generation rate,EC2020.pdf
2020-35,2020,,EC,35,2,MCQ,EC.4,Analog Circuits,EC.4.2,BJT and MOSFET Amplifiers,EC.4.2.3,Small signal analysis,yes,,CE amplifier low-frequency gain,EC2020.pdf
2020-36,2020,,EC,36,2,MCQ,EC.5,Digital Circuits,EC.5.4,Data Converters,EC.5.4.1,Sample and hold circuits,yes,,MOS sample-and-hold gate voltage,EC2020.pdf
2020-37,2020,,EC,37,2,MCQ,EC.4,Analog Circuits,EC.4.2,BJT and MOSFET Amplifiers,EC.4.2.3,Small signal analysis,yes,,Norton resistance with source degeneration,EC2020.pdf
2020-38,2020,,EC,38,2,MCQ,EC.5,Digital Circuits,EC.5.1,Number Representations,EC.5.1.2,Integer numbers,yes,,"Signed magnitude, 1's and 2's complement sum",EC2020.pdf
2020-39,2020,,EC,39,2,MCQ,EC.5,Digital Circuits,EC.5.3,Sequential Circuits,EC.5.3.4,Finite state machines,yes,,Sequence detector state diagram,EC2020.pdf
2020-40,2020,,EC,40,2,MCQ,EC.6,Control Systems,EC.6.4,Frequency Response and Root Locus,EC.6.4.3,Root-locus plots,yes,,Break-away point interval,EC2020.pdf
2020-41,2020,,EC,41,2,MCQ,EC.4,Analog Circuits,EC.4.3,Op-amp Circuits,EC.4.3.5,Active filters,yes,,Active filter −3 dB frequency,EC2020.pdf
2020-42,2020,,EC,42,2,MCQ,EC.7,Communications,EC.7.2,Analog Communications,EC.7.2.1,Amplitude modulation and demodulation,yes,,Coherent demodulation with frequency offset,EC2020.pdf
2020-43,2020,,EC,43,2,MCQ,EC.8,Electromagnetics,EC.8.6,Antennas,,,yes,,Dipole above ground plane (image),EC2020.pdf
2020-44,2020,,EC,44,2,NAT,EC.4,Analog Circuits,EC.4.3,Op-amp Circuits,,,no,Voltage regulators,Transistor series regulator: find R2,EC2020.pdf
2020-45,2020,,EC,45,2,NAT,EC.8,Electromagnetics,EC.8.2,Plane Waves and Properties,,,yes,,Plane wave H field: find b,EC2020.pdf
2020-46,2020,,EC,46,2,NAT,EC.8,Electromagnetics,EC.8.3,Transmission Lines,EC.8.3.5,S-parameters,yes,,S21 of ideal transformer,EC2020.pdf
2020-47,2020,,EC,47,2,NAT,EC.7,Communications,EC.7.2,Analog Communications,EC.7.2.2,Angle modulation and demodulation,yes,,PM vs FM: highest instantaneous frequency,EC2020.pdf
2020-48,2020,,EC,48,2,NAT,EC.7,Communications,EC.7.4,Digital Communications,EC.7.4.6,MAP and ML detection,yes,,ML symbol error probability (4-level PAM),EC2020.pdf
2020-49,2020,,EC,49,2,NAT,EC.2,"Networks, Signals and Systems",EC.2.5,LTI Systems,EC.2.5.7,Frequency response,yes,,System parameter from sinusoidal response,EC2020.pdf
2020-50,2020,,EC,50,2,NAT,EC.5,Digital Circuits,EC.5.3,Sequential Circuits,EC.5.3.6,Setup and hold time,yes,,Maximum clock frequency with setup/hold,EC2020.pdf
2020-51,2020,,EC,51,2,NAT,EC.1,Engineering Mathematics,EC.1.2,Calculus,EC.1.2.6,Multiple integrals,yes,,Triple integral over prism,EC2020.pdf
2020-52,2020,,EC,52,2,NAT,EC.2,"Networks, Signals and Systems",EC.2.6,Continuous-time Signals,EC.2.6.2,Fourier transform,yes,,Energy via Parseval,EC2020.pdf
2020-53,2020,,EC,53,2,NAT,EC.2,"Networks, Signals and Systems",EC.2.5,LTI Systems,EC.2.5.6,Poles and zeros,yes,,All-pass condition: find α,EC2020.pdf
2020-54,2020,,EC,54,2,NAT,EC.1,Engineering Mathematics,EC.1.6,Probability and Statistics,EC.1.6.8,Joint and conditional probability,yes,,Conditional probability for uniform RV,EC2020.pdf
2020-55,2020,,EC,55,2,NAT,EC.6,Control Systems,EC.6.2,Time-Domain Analysis,EC.6.2.2,Steady-state analysis of LTI systems,yes,,Gain for ramp steady-state error,EC2020.pdf
2021-GA1,2021,,GA,GA1,1,MCQ,GA.2,Quantitative Aptitude,GA.2.2,Arithmetic and Algebra,,,yes,,Population two years ago (compound growth),EC2021.pdf
2021-GA2,2021,,GA,GA2,1,MCQ,GA.2,Quantitative Aptitude,GA.2.2,Arithmetic and Algebra,,,yes,,Algebra: p²/q² + q²/p²,EC2021.pdf
2021-GA3,2021,,GA,GA3,1,MCQ,GA.4,Spatial Aptitude,GA.4.1,Spatial Reasoning,,,yes,,Squares to add for line symmetry,EC2021.pdf
2021-GA4,2021,,GA,GA4,1,MCQ,GA.1,Verbal Aptitude,GA.1.2,Vocabulary,,,yes,,Analogy (nostalgia : anticipation),EC2021.pdf
2021-GA5,2021,,GA,GA5,1,MCQ,GA.1,Verbal Aptitude,GA.1.1,Grammar and Usage,,,yes,,Grammatically correct sentences,EC2021.pdf
2021-GA6,2021,,GA,GA6,2,MCQ,GA.3,Analytical Aptitude,GA.3.1,Logical Reasoning,,,yes,,Statements and conclusions,EC2021.pdf
2021-GA7,2021,,GA,GA7,2,MCQ,GA.1,Verbal Aptitude,GA.1.3,Reading Comprehension,,,yes,,Deductions from passage,EC2021.pdf
2021-GA8,2021,,GA,GA8,2,MCQ,GA.2,Quantitative Aptitude,GA.2.3,Geometry and Mensuration,,,yes,,Volume of cone from revolved triangle,EC2021.pdf
2021-GA9,2021,,GA,GA9,2,MCQ,GA.2,Quantitative Aptitude,GA.2.1,Data Interpretation,,,yes,,Bar chart: days with 10% more exercise,EC2021.pdf
2021-GA10,2021,,GA,GA10,2,MCQ,GA.2,Quantitative Aptitude,GA.2.3,Geometry and Mensuration,,,yes,,Hexagon to triangle area ratio,EC2021.pdf
2021-1,2021,,EC,1,1,MCQ,EC.1,Engineering Mathematics,EC.1.2,Calculus,EC.1.2.7,"Line, surface and volume integrals",yes,,Line integral over circular arc,EC2021.pdf
2021-2,2021,,EC,2,1,MCQ,EC.1,Engineering Mathematics,EC.1.3,Differential Equations,,,yes,,Integrating factor (Bernoulli equation),EC2021.pdf
2021-3,2021,,EC,3,1,MCQ,EC.1,Engineering Mathematics,EC.1.6,Probability and Statistics,EC.1.6.1,"Mean, median, mode, standard deviation",yes,,Variance of linear transform of RV,EC2021.pdf
2021-4,2021,,EC,4,1,MCQ,EC.2,"Networks, Signals and Systems",EC.2.6,Continuous-time Signals,EC.2.6.3,Nyquist sampling theorem,yes,,Nyquist rate of product of signals,EC2021.pdf
2021-5,2021,,EC,5,1,MCQ,EC.2,"Networks, Signals and Systems",EC.2.7,Discrete-time Signals,EC.2.7.2,DFT,yes,,Linear vs circular convolution via DFT,EC2021.pdf
2021-6,2021,,EC,6,1,MCQ,EC.3,Electronic Devices,EC.3.2,Carrier Transport,EC.3.2.4,Generation and recombination of carriers,yes,,np product under steady illumination,EC2021.pdf
2021-7,2021,,EC,7,1,MCQ,EC.3,Electronic Devices,EC.3.2,Carrier Transport,EC.3.2.2,Drift current,yes,,Built-in field from sloped band diagram,EC2021.pdf
2021-8,2021,,EC,8,1,MCQ,EC.4,Analog Circuits,EC.4.2,BJT and MOSFET Amplifiers,EC.4.2.3,Small signal analysis,yes,,Gain of NMOS with active load,EC2021.pdf
2021-9,2021,,EC,9,1,MCQ,EC.4,Analog Circuits,EC.4.3,Op-amp Circuits,EC.4.3.1,Amplifiers,yes,,Op-amp with reference: find RF/RIN,EC2021.pdf
2021-10,2021,,EC,10,1,MCQ,EC.4,Analog Circuits,EC.4.3,Op-amp Circuits,EC.4.3.1,Amplifiers,yes,,Condition for zero op-amp output,EC2021.pdf
2021-11,2021,,EC,11,1,MCQ,EC.5,Digital Circuits,EC.5.1,Number Representations,EC.5.1.1,Binary numbers,yes,,Number bases from equal values,EC2021.pdf
2021-12,2021,,EC,12,1,MCQ,EC.5,Digital Circuits,EC.5.2,Combinational Circuits,EC.5.2.8,Decoders,yes,,AND gates for 32K memory decoder,EC2021.pdf
2021-13,2021,,EC,13,1,MCQ,EC.6,Control Systems,EC.6.1,System Modelling,EC.6.1.4,Block diagram representation,yes,,Transfer function from block diagram,EC2021.pdf
2021-14,2021,,EC,14,1,MCQ,EC.6,Control Systems,EC.6.3,Stability Analysis,EC.6.3.2,Nyquist criterion,yes,,RHP closed-loop poles from Nyquist plot,EC2021.pdf
2021-15,2021,,EC,15,1,MCQ,EC.8,Electromagnetics,EC.8.2,Plane Waves and Properties,EC.8.2.1,Reflection and refraction,yes,,Reflection coefficient at dielectric interface,EC2021.pdf
2021-16,2021,,EC,16,1,NAT,EC.1,Engineering Mathematics,EC.1.1,Linear Algebra,EC.1.1.3,Linear dependence and independence,yes,,x for linear dependence of vectors,EC2021.pdf
2021-17,2021,,EC,17,1,NAT,EC.1,Engineering Mathematics,EC.1.4,Vector Analysis,EC.1.4.3,"Gradient, divergence and curl",yes,,Constant for irrotational field,EC2021.pdf
2021-18,2021,,EC,18,1,NAT,EC.2,"Networks, Signals and Systems",EC.2.1,Circuit Analysis,EC.2.1.1,Node and mesh analysis,yes,,Current in resistive bridge,EC2021.pdf
2021-19,2021,,EC,19,1,NAT,EC.2,"Networks, Signals and Systems",EC.2.1,Circuit Analysis,EC.2.1.1,Node and mesh analysis,yes,,Node voltage with mixed sources,EC2021.pdf
2021-20,2021,,EC,20,1,NAT,EC.5,Digital Circuits,EC.5.4,Data Converters,EC.5.4.3,DACs,yes,,8-bit DAC output voltage,EC2021.pdf
2021-21,2021,,EC,21,1,NAT,EC.7,Communications,EC.7.1,Random Processes,EC.7.1.1,Autocorrelation,yes,,Average power from autocorrelation,EC2021.pdf
2021-22,2021,,EC,22,1,NAT,EC.7,Communications,EC.7.2,Analog Communications,EC.7.2.1,Amplitude modulation and demodulation,yes,,Power saved in SSB-SC vs AM,EC2021.pdf
2021-23,2021,,EC,23,1,NAT,EC.7,Communications,EC.7.3,Information Theory,EC.7.3.4,Channel capacity theorem,yes,,Minimum bandwidth from channel capacity,EC2021.pdf
2021-24,2021,,EC,24,1,NAT,EC.7,Communications,EC.7.4,Digital Communications,EC.7.4.2,DPCM,yes,,Delta modulation step size (slope overload),EC2021.pdf
2021-25,2021,,EC,25,1,NAT,EC.8,Electromagnetics,EC.8.5,Optical Fibers,EC.8.5.1,Light propagation in optical fibers,yes,,Critical propagation angle in fibre,EC2021.pdf
2021-26,2021,,EC,26,2,MCQ,EC.1,Engineering Mathematics,EC.1.5,Complex Analysis,EC.1.5.6,Residue theorem,yes,,Contour integral by residues,EC2021.pdf
2021-27,2021,,EC,27,2,MCQ,EC.1,Engineering Mathematics,EC.1.6,Probability and Statistics,EC.1.6.8,Joint and conditional probability,yes,,Coin draw conditional probability,EC2021.pdf
2021-28,2021,,EC,28,2,MCQ,EC.2,"Networks, Signals and Systems",EC.2.3,Time and Frequency Domain Analysis of Linear Circuits,,,yes,,dv/dt at t=0+ after switching,EC2021.pdf
2021-29,2021,,EC,29,2,MCQ,EC.2,"Networks, Signals and Systems",EC.2.4,Two-Port Networks and Transformations,EC.2.4.1,Linear 2-port network parameters,yes,,Y-parameters with dependent source,EC2021.pdf
2021-30,2021,,EC,30,2,MCQ,EC.3,Electronic Devices,EC.3.3,Semiconductor Devices,EC.3.3.4,MOS capacitor,yes,,Substrate doping from body-effect sensitivity,EC2021.pdf
2021-31,2021,,EC,31,2,MCQ,EC.5,Digital Circuits,EC.5.3,Sequential Circuits,EC.5.3.7,Critical path delay,yes,,Maximum propagation delay of logic circuit,EC2021.pdf
2021-32,2021,,EC,32,2,MCQ,EC.5,Digital Circuits,EC.5.6,Computer Organization,EC.5.6.1,Machine instructions and addressing modes,yes,,Stack PUSH/POP register contents,EC2021.pdf
2021-33,2021,,EC,33,2,MCQ,EC.6,Control Systems,EC.6.6,State-Space Analysis,EC.6.6.1,State variable model,yes,,Controllability and observability of RLC circuit,EC2021.pdf
2021-34,2021,,EC,34,2,MCQ,EC.7,Communications,EC.7.4,Digital Communications,EC.7.4.10,Hamming codes,yes,,"Valid codeword of (7,4) Hamming code",EC2021.pdf
2021-35,2021,,EC,35,2,MCQ,EC.8,Electromagnetics,EC.8.3,Transmission Lines,EC.8.3.3,Impedance matching,yes,,Stub and quarter-wave matching: find RL,EC2021.pdf
2021-36,2021,,EC,36,2,NAT,EC.1,Engineering Mathematics,EC.1.1,Linear Algebra,EC.1.1.5,Eigenvalues and eigenvectors,yes,,Repeated eigenvalue: find x,EC2021.pdf
2021-37,2021,,EC,37,2,NAT,EC.1,Engineering Mathematics,EC.1.4,Vector Analysis,EC.1.4.4,"Gauss's, Green's and Stokes' theorems",yes,,Flux of field through cylinder,EC2021.pdf
2021-38,2021,,EC,38,2,NAT,EC.2,"Networks, Signals and Systems",EC.2.3,Time and Frequency Domain Analysis of Linear Circuits,EC.2.3.2,RC circuits,yes,,Time for capacitor voltage to reach zero,EC2021.pdf
2021-39,2021,,EC,39,2,NAT,EC.2,"Networks, Signals and Systems",EC.2.6,Continuous-time Signals,EC.2.6.1,Fourier series,yes,,Average power from Fourier coefficients,EC2021.pdf
2021-40,2021,,EC,40,2,NAT,EC.2,"Networks, Signals and Systems",EC.2.5,LTI Systems,EC.2.5.4,Impulse response,yes,,Output for different input (discrete LTI),EC2021.pdf
2021-41,2021,,EC,41,2,NAT,EC.2,"Networks, Signals and Systems",EC.2.7,Discrete-time Signals,EC.2.7.1,DTFT,yes,,DTFT product integral (Parseval-type),EC2021.pdf
2021-42,2021,,EC,42,2,NAT,EC.3,Electronic Devices,EC.3.3,Semiconductor Devices,EC.3.3.1,P-N junction,yes,,Reverse bias to fully deplete one side,EC2021.pdf
2021-43,2021,,EC,43,2,NAT,EC.4,Analog Circuits,EC.4.1,Diode Circuits,EC.4.1.2,Clamping,yes,,Diode clamper output swing,EC2021.pdf
2021-44,2021,,EC,44,2,NAT,EC.3,Electronic Devices,EC.3.3,Semiconductor Devices,EC.3.3.5,MOSFET,yes,,Threshold voltage at edge of saturation,EC2021.pdf
2021-45,2021,,EC,45,2,NAT,EC.4,Analog Circuits,EC.4.3,Op-amp Circuits,EC.4.3.3,Differentiators,yes,,Op-amp differentiator output at t=0+,EC2021.pdf
2021-46,2021,,EC,46,2,NAT,EC.5,Digital Circuits,EC.5.3,Sequential Circuits,EC.5.3.3,Shift registers,yes,,Shift register with XOR feedback: clock edges,EC2021.pdf
2021-47,2021,,EC,47,2,NAT,EC.2,"Networks, Signals and Systems",EC.2.3,Time and Frequency Domain Analysis of Linear Circuits,EC.2.3.3,RLC circuits,yes,,Max ammeter reading in RLC transient,EC2021.pdf
2021-48,2021,,EC,48,2,NAT,EC.6,Control Systems,EC.6.3,Stability Analysis,EC.6.3.1,Routh-Hurwitz criterion,yes,,Max KI for stability with PI control,EC2021.pdf
2021-49,2021,,EC,49,2,NAT,EC.7,Communications,EC.7.2,Analog Communications,EC.7.2.2,Angle modulation and demodulation,yes,,Max instantaneous frequency of PM signal,EC2021.pdf
2021-50,2021,,EC,50,2,NAT,EC.7,Communications,EC.7.2,Analog Communications,EC.7.2.4,Superheterodyne receivers,yes,,Image frequency of superheterodyne,EC2021.pdf
2021-51,2021,,EC,51,2,NAT,EC.7,Communications,EC.7.3,Information Theory,EC.7.3.3,Mutual information,yes,,Information in conditional event (bits),EC2021.pdf
2021-52,2021,,EC,52,2,NAT,EC.7,Communications,EC.7.4,Digital Communications,EC.7.4.1,PCM,yes,,Maximum SQNR of PCM,EC2021.pdf
2021-53,2021,,EC,53,2,NAT,EC.7,Communications,EC.7.4,Digital Communications,EC.7.4.6,MAP and ML detection,yes,,MAP threshold for polar NRZ,EC2021.pdf
2021-54,2021,,EC,54,2,NAT,EC.8,Electromagnetics,EC.8.4,Waveguides,EC.8.4.1,Rectangular waveguides,yes,,Phase velocity ratio in waveguide,EC2021.pdf
2021-55,2021,,EC,55,2,NAT,EC.8,Electromagnetics,EC.8.6,Antennas,,,yes,,Field strength from antenna gain,EC2021.pdf
2022-1,2022,,GA,1,1,MCQ,GA.1,Verbal Aptitude,GA.1.1,Grammar and Usage,,,yes,,Correlative conjunctions (neither/nor),EC2022.pdf
2022-2,2022,,GA,2,1,MCQ,GA.2,Quantitative Aptitude,GA.2.2,Arithmetic and Algebra,,,yes,,Proportional distribution,EC2022.pdf
2022-3,2022,,GA,3,1,MCQ,GA.2,Quantitative Aptitude,GA.2.3,Geometry and Mensuration,,,yes,,Height of trapezium,EC2022.pdf
2022-4,2022,,GA,4,1,MCQ,GA.4,Spatial Aptitude,GA.4.1,Spatial Reasoning,,,yes,,Counting squares in grid with hole,EC2022.pdf
2022-5,2022,,GA,5,1,NAT,GA.4,Spatial Aptitude,GA.4.1,Spatial Reasoning,,,yes,,Guard position with line of sight,EC2022.pdf
2022-6,2022,,GA,6,2,MCQ,GA.1,Verbal Aptitude,GA.1.3,Reading Comprehension,,,yes,,Inference from passage (mosquitoes),EC2022.pdf
2022-7,2022,,GA,7,2,MCQ,GA.2,Quantitative Aptitude,GA.2.2,Arithmetic and Algebra,,,yes,,Solving pair of inequalities,EC2022.pdf
2022-8,2022,,GA,8,2,MCQ,GA.2,Quantitative Aptitude,GA.2.3,Geometry and Mensuration,,,yes,,Area of quadrilateral from vertices,EC2022.pdf
2022-9,2022,,GA,9,2,MCQ,GA.3,Analytical Aptitude,GA.3.1,Logical Reasoning,,,yes,,Who copied: truth-teller logic,EC2022.pdf
2022-10,2022,,GA,10,2,NAT,GA.4,Spatial Aptitude,GA.4.1,Spatial Reasoning,,,yes,,Square rotations and reflections,EC2022.pdf
2022-11,2022,,EC,11,1,MCQ,EC.1,Engineering Mathematics,EC.1.2,Calculus,EC.1.2.7,"Line, surface and volume integrals",yes,,Line integral over closed contour,EC2022.pdf
2022-12,2022,,EC,12,1,MCQ,EC.1,Engineering Mathematics,EC.1.1,Linear Algebra,EC.1.1.7,Solution of linear equations - existence and uniqueness,yes,,Consistency of linear system,EC2022.pdf
2022-13,2022,,EC,13,1,MCQ,EC.2,"Networks, Signals and Systems",EC.2.1,Circuit Analysis,EC.2.1.1,Node and mesh analysis,yes,,Current in resistive circuit,EC2022.pdf
2022-14,2022,,EC,14,1,MCQ,EC.2,"Networks, Signals and Systems",EC.2.1,Circuit Analysis,EC.2.1.1,Node and mesh analysis,yes,,Current through 10-ohm resistor,EC2022.pdf
2022-15,2022,,EC,15,1,MCQ,EC.2,"Networks, Signals and Systems",EC.2.6,Continuous-time Signals,EC.2.6.2,Fourier transform,yes,,Fourier transform via duality,EC2022.pdf
2022-16,2022,,EC,16,1,MCQ,EC.3,Electronic Devices,EC.3.2,Carrier Transport,EC.3.2.1,Diffusion current,yes,,Diffusion with illumination at one end,EC2022.pdf
2022-17,2022,,EC,17,1,MCQ,EC.3,Electronic Devices,EC.3.1,Energy Bands and Carrier Concentration,EC.3.1.3,Equilibrium carrier concentration,yes,,Fermi level shift with carrier density,EC2022.pdf
2022-18,2022,,EC,18,1,MCQ,EC.5,Digital Circuits,EC.5.2,Combinational Circuits,EC.5.2.4,Logic gates and static CMOS implementations,yes,,CMOS inverter switching threshold,EC2022.pdf
2022-19,2022,,EC,19,1,MCQ,EC.5,Digital Circuits,EC.5.2,Combinational Circuits,EC.5.2.7,Multiplexers,yes,,MUX inputs to realise XOR,EC2022.pdf
2022-20,2022,,EC,20,1,MCQ,EC.3,Electronic Devices,EC.3.3,Semiconductor Devices,EC.3.3.5,MOSFET,yes,,Steady-state capacitor voltages via MOSFETs,EC2022.pdf
2022-21,2022,,EC,21,1,MCQ,EC.6,Control Systems,EC.6.3,Stability Analysis,EC.6.3.2,Nyquist criterion,yes,,Stability from Nyquist plot with gain K,EC2022.pdf
2022-22,2022,,EC,22,1,MCQ,EC.6,Control Systems,EC.6.4,Frequency Response and Root Locus,EC.6.4.3,Root-locus plots,yes,,Transfer function from root-locus plot,EC2022.pdf
2022-23,2022,,EC,23,1,MCQ,EC.2,"Networks, Signals and Systems",EC.2.5,LTI Systems,EC.2.5.8,Group delay and phase delay,yes,,Pure delay and PSD statements,EC2022.pdf
2022-24,2022,,EC,24,1,MCQ,EC.8,Electromagnetics,EC.8.1,Maxwell's Equations,EC.8.1.1,Differential and integral forms and their interpretation,yes,,Displacement current in series RC,EC2022.pdf
2022-25,2022,,EC,25,1,MSQ,EC.1,Engineering Mathematics,EC.1.3,Differential Equations,EC.1.3.6,Partial differential equations,yes,,Exponential solutions of a PDE,EC2022.pdf
2022-26,2022,,EC,26,1,MSQ,EC.4,Analog Circuits,EC.4.3,Op-amp Circuits,EC.4.3.5,Active filters,yes,,Op-amp filter type and 3-dB frequency,EC2022.pdf
2022-27,2022,,EC,27,1,MSQ,EC.5,Digital Circuits,EC.5.2,Combinational Circuits,EC.5.2.1,Boolean algebra,yes,,Boolean functions equivalent to x+yz,EC2022.pdf
2022-28,2022,,EC,28,1,MSQ,EC.5,Digital Circuits,EC.5.2,Combinational Circuits,EC.5.2.4,Logic gates and static CMOS implementations,yes,,CMOS inverter statements,EC2022.pdf
2022-29,2022,,EC,29,1,MSQ,EC.7,Communications,EC.7.3,Information Theory,EC.7.3.1,Entropy,yes,,Entropy inequalities under functions,EC2022.pdf
2022-30,2022,,EC,30,1,MSQ,EC.8,Electromagnetics,EC.8.1,Maxwell's Equations,EC.8.1.3,Wave equation,yes,,Solutions of wave equation,EC2022.pdf
2022-31,2022,,EC,31,1,NAT,EC.1,Engineering Mathematics,EC.1.6,Probability and Statistics,EC.1.6.1,"Mean, median, mode, standard deviation",yes,,Median from frequency bar graph,EC2022.pdf
2022-32,2022,,EC,32,1,NAT,EC.1,Engineering Mathematics,EC.1.5,Complex Analysis,EC.1.5.6,Residue theorem,yes,,Contour integral with poles at ±1,EC2022.pdf
2022-33,2022,,EC,33,1,NAT,EC.2,"Networks, Signals and Systems",EC.2.5,LTI Systems,EC.2.5.5,Convolution,yes,,Limit of convolution as t→∞,EC2022.pdf
2022-34,2022,,EC,34,1,NAT,EC.3,Electronic Devices,EC.3.3,Semiconductor Devices,EC.3.3.4,MOS capacitor,yes,,MOS capacitor inversion charge vs VG,EC2022.pdf
2022-35,2022,,EC,35,1,NAT,EC.7,Communications,EC.7.4,Digital Communications,EC.7.4.3,"Digital modulation schemes (ASK, PSK, FSK, QAM)",yes,,Data rate of mixed QPSK/16-QAM stream,EC2022.pdf
2022-36,2022,,EC,36,2,MCQ,EC.1,Engineering Mathematics,EC.1.2,Calculus,EC.1.2.5,Maxima and minima,yes,,Minimum of 8 ln x - x² + 3,EC2022.pdf
2022-37,2022,,EC,37,2,MCQ,EC.1,Engineering Mathematics,EC.1.1,Linear Algebra,EC.1.1.5,Eigenvalues and eigenvectors,yes,,Eigenvalues of sum of outer products,EC2022.pdf
2022-38,2022,,EC,38,2,MCQ,EC.2,"Networks, Signals and Systems",EC.2.2,Sinusoidal Steady State Analysis,EC.2.2.1,Phasors,yes,,"Impedance locus: find R1, R2",EC2022.pdf
2022-39,2022,,EC,39,2,MCQ,EC.2,"Networks, Signals and Systems",EC.2.2,Sinusoidal Steady State Analysis,EC.2.2.1,Phasors,yes,,Identify element from current waveform,EC2022.pdf
2022-40,2022,,EC,40,2,MCQ,EC.3,Electronic Devices,EC.3.3,Semiconductor Devices,EC.3.3.5,MOSFET,yes,,MOSFET current with time-varying VGS,EC2022.pdf
2022-41,2022,,EC,41,2,MCQ,EC.4,Analog Circuits,EC.4.3,Op-amp Circuits,EC.4.3.1,Amplifiers,yes,,Capacitor voltage swing in op-amp circuit,EC2022.pdf
2022-42,2022,,EC,42,2,MCQ,EC.4,Analog Circuits,EC.4.3,Op-amp Circuits,EC.4.3.5,Active filters,yes,,R and C from Bode plot of op-amp circuit,EC2022.pdf
2022-43,2022,,EC,43,2,MCQ,EC.5,Digital Circuits,EC.5.3,Sequential Circuits,EC.5.3.1,Latches and flip-flops,yes,,Flip-flop output frequency and duty cycle,EC2022.pdf
2022-44,2022,,EC,44,2,MCQ,EC.6,Control Systems,EC.6.3,Stability Analysis,EC.6.3.1,Routh-Hurwitz criterion,yes,,K range for purely imaginary roots,EC2022.pdf
2022-45,2022,,EC,45,2,MSQ,EC.1,Engineering Mathematics,EC.1.5,Complex Analysis,EC.1.5.4,"Sequences, series and convergence tests",yes,,Convergence of series n^d/c^n,EC2022.pdf
2022-46,2022,,EC,46,2,MSQ,EC.2,"Networks, Signals and Systems",EC.2.5,LTI Systems,EC.2.5.1,Definition and properties,yes,,Identify non-LTI systems from outputs,EC2022.pdf
2022-47,2022,,EC,47,2,MSQ,EC.3,Electronic Devices,EC.3.3,Semiconductor Devices,,,yes,,Semiconductor device statements,EC2022.pdf
2022-48,2022,,EC,48,2,MSQ,EC.5,Digital Circuits,EC.5.3,Sequential Circuits,EC.5.3.4,Finite state machines,yes,,Probabilistic state-transition relations,EC2022.pdf
2022-49,2022,,EC,49,2,MSQ,EC.5,Digital Circuits,EC.5.2,Combinational Circuits,EC.5.2.1,Boolean algebra,yes,,Functional completeness of A + B' gate,EC2022.pdf
2022-50,2022,,EC,50,2,MSQ,EC.6,Control Systems,EC.6.2,Time-Domain Analysis,EC.6.2.1,Transient analysis of LTI systems,yes,,Compare step responses of two systems,EC2022.pdf
2022-51,2022,,EC,51,2,MSQ,EC.7,Communications,EC.7.2,Analog Communications,EC.7.2.2,Angle modulation and demodulation,yes,,De-emphasis filter RC values,EC2022.pdf
2022-52,2022,,EC,52,2,MSQ,EC.8,Electromagnetics,EC.8.4,Waveguides,,,yes,,Parallel-plate waveguide TM propagation,EC2022.pdf
2022-53,2022,,EC,53,2,NAT,EC.1,Engineering Mathematics,EC.1.2,Calculus,EC.1.2.6,Multiple integrals,yes,,Double integral over triangle,EC2022.pdf
2022-54,2022,,EC,54,2,NAT,EC.2,"Networks, Signals and Systems",EC.2.1,Circuit Analysis,EC.2.1.3,Thevenin's theorem,yes,,Two-port Thevenin equivalent from V-I plot,EC2022.pdf
2022-55,2022,,EC,55,2,NAT,EC.2,"Networks, Signals and Systems",EC.2.7,Discrete-time Signals,EC.2.7.2,DFT,yes,,DFT applied twice,EC2022.pdf
2022-56,2022,,EC,56,2,NAT,EC.3,Electronic Devices,EC.3.2,Carrier Transport,EC.3.2.5,Poisson and continuity equations,yes,,Continuity equation with generation profile,EC2022.pdf
2022-57,2022,,EC,57,2,NAT,EC.4,Analog Circuits,EC.4.1,Diode Circuits,,,yes,,Diode circuit small-signal gain ratio,EC2022.pdf
2022-58,2022,,EC,58,2,NAT,EC.4,Analog Circuits,EC.4.3,Op-amp Circuits,EC.4.3.1,Amplifiers,yes,,Op-amp output voltage,EC2022.pdf
2022-59,2022,,EC,59,2,NAT,EC.4,Analog Circuits,EC.4.2,BJT and MOSFET Amplifiers,EC.4.2.3,Small signal analysis,yes,,MOSFET small-signal gains at two nodes,EC2022.pdf
2022-60,2022,,EC,60,2,NAT,EC.6,Control Systems,EC.6.2,Time-Domain Analysis,EC.6.2.2,Steady-state analysis of LTI systems,yes,,Steady-state error due to disturbance,EC2022.pdf
2022-61,2022,,EC,61,2,NAT,EC.7,Communications,EC.7.3,Information Theory,EC.7.3.4,Channel capacity theorem,yes,,α maximising channel capacity,EC2022.pdf
2022-62,2022,,EC,62,2,NAT,EC.7,Communications,EC.7.4,Digital Communications,EC.7.4.10,Hamming codes,yes,,"Hamming (7,4) decoding success probability",EC2022.pdf
2022-63,2022,,EC,63,2,NAT,EC.7,Communications,EC.7.4,Digital Communications,EC.7.4.6,MAP and ML detection,yes,,ML detection with exponential pdfs,EC2022.pdf
2022-64,2022,,EC,64,2,NAT,EC.7,Communications,EC.7.4,Digital Communications,EC.7.4.1,PCM,yes,,Optimal 1-bit quantizer levels,EC2022.pdf
2022-65,2022,,EC,65,2,NAT,EC.1,Engineering Mathematics,EC.1.4,Vector Analysis,EC.1.4.4,"Gauss's, Green's and Stokes' theorems",yes,,Divergence theorem over cube,EC2022.pdf
2023-1,2023,,GA,1,1,MCQ,GA.1,Verbal Aptitude,GA.1.2,Vocabulary,,,yes,,Word choice (conscience),EC2023.pdf
2023-2,2023,,GA,2,1,MCQ,GA.1,Verbal Aptitude,GA.1.2,Vocabulary,,,yes,,Analogy (courts : judiciary),EC2023.pdf
2023-3,2023,,GA,3,1,MCQ,GA.2,Quantitative Aptitude,GA.2.2,Arithmetic and Algebra,,,yes,,Smallest number with distinct digits summing to 45,EC2023.pdf
2023-4,2023,,GA,4,1,MCQ,GA.2,Quantitative Aptitude,GA.2.2,Arithmetic and Algebra,,,yes,,Set counting with Venn relations,EC2023.pdf
2023-5,2023,,GA,5,1,NAT,GA.4,Spatial Aptitude,GA.4.1,Spatial Reasoning,,,yes,,Counting rectangles in figure,EC2023.pdf
2023-6,2023,,GA,6,2,MCQ,GA.3,Analytical Aptitude,GA.3.1,Logical Reasoning,,,yes,,Logical deduction (Forestland creatures),EC2023.pdf
2023-7,2023,,GA,7,2,MCQ,GA.2,Quantitative Aptitude,GA.2.3,Geometry and Mensuration,,,yes,,Identify function from graph,EC2023.pdf
2023-8,2023,,GA,8,2,MCQ,GA.1,Verbal Aptitude,GA.1.3,Reading Comprehension,,,yes,,Inference from passage,EC2023.pdf
2023-9,2023,,GA,9,2,MCQ,GA.2,Quantitative Aptitude,GA.2.2,Arithmetic and Algebra,,,yes,,Pooled testing strategy count,EC2023.pdf
2023-10,2023,,GA,10,2,NAT,GA.4,Spatial Aptitude,GA.4.1,Spatial Reasoning,,,yes,,Creases after folding sheet,EC2023.pdf
2023-11,2023,,EC,11,1,MCQ,EC.1,Engineering Mathematics,EC.1.1,Linear Algebra,EC.1.1.1,Vector space,yes,,Projection coefficient minimising error,EC2023.pdf
2023-12,2023,,EC,12,1,MCQ,EC.1,Engineering Mathematics,EC.1.4,Vector Analysis,EC.1.4.3,"Gradient, divergence and curl",yes,,Directional derivative,EC2023.pdf
2023-13,2023,,EC,13,1,MCQ,EC.1,Engineering Mathematics,EC.1.5,Complex Analysis,,,yes,,Fourth roots of complex number,EC2023.pdf
2023-14,2023,,EC,14,1,MCQ,EC.1,Engineering Mathematics,EC.1.5,Complex Analysis,EC.1.5.6,Residue theorem,yes,,Contour integral by residues,EC2023.pdf
2023-15,2023,,EC,15,1,MCQ,EC.1,Engineering Mathematics,EC.1.1,Linear Algebra,EC.1.1.5,Eigenvalues and eigenvectors,yes,,Eigenvalues/eigenvectors under similarity,EC2023.pdf
2023-16,2023,,EC,16,1,MCQ,EC.3,Electronic Devices,EC.3.1,Energy Bands and Carrier Concentration,EC.3.1.3,Equilibrium carrier concentration,yes,,Degenerate semiconductor definition,EC2023.pdf
2023-17,2023,,EC,17,1,MCQ,EC.3,Electronic Devices,EC.3.1,Energy Bands and Carrier Concentration,EC.3.1.2,Energy bands in intrinsic and extrinsic semiconductors,yes,,Band occupancy at 0 K,EC2023.pdf
2023-18,2023,,EC,18,1,MCQ,EC.2,"Networks, Signals and Systems",EC.2.3,Time and Frequency Domain Analysis of Linear Circuits,EC.2.3.3,RLC circuits,yes,,Series RLC values for given Q,EC2023.pdf
2023-19,2023,,EC,19,1,MCQ,EC.3,Electronic Devices,EC.3.3,Semiconductor Devices,EC.3.3.4,MOS capacitor,yes,,MOS depletion width vs gate voltage,EC2023.pdf
2023-20,2023,,EC,20,1,MCQ,EC.8,Electromagnetics,EC.8.2,Plane Waves and Properties,EC.8.2.3,Phase and group velocity,yes,,Phase vs group velocity in dielectric,EC2023.pdf
2023-21,2023,,EC,21,1,MCQ,EC.4,Analog Circuits,EC.4.2,BJT and MOSFET Amplifiers,,,yes,,Identify controlled-source type of amplifier,EC2023.pdf
2023-22,2023,,EC,22,1,MCQ,EC.4,Analog Circuits,EC.4.3,Op-amp Circuits,EC.4.3.7,Oscillators,yes,,Oscillation condition (Barkhausen),EC2023.pdf
2023-23,2023,,EC,23,1,MCQ,EC.5,Digital Circuits,EC.5.2,Combinational Circuits,EC.5.2.7,Multiplexers,yes,,Logic function from 2:1 MUX,EC2023.pdf
2023-24,2023,,EC,24,1,MCQ,EC.5,Digital Circuits,EC.5.3,Sequential Circuits,EC.5.3.3,Shift registers,yes,,Throughput and latency of pipeline,EC2023.pdf
2023-25,2023,,EC,25,1,MCQ,EC.6,Control Systems,EC.6.4,Frequency Response and Root Locus,EC.6.4.1,Frequency response,yes,,Phase crossover frequency,EC2023.pdf
2023-26,2023,,EC,26,1,MCQ,EC.2,"Networks, Signals and Systems",EC.2.5,LTI Systems,EC.2.5.1,Definition and properties,yes,,Causality and time-invariance of x(e^t),EC2023.pdf
2023-27,2023,,EC,27,1,MCQ,EC.7,Communications,EC.7.2,Analog Communications,EC.7.2.1,Amplitude modulation and demodulation,yes,,Energy of DSB-SC signal,EC2023.pdf
2023-28,2023,,EC,28,1,MCQ,EC.2,"Networks, Signals and Systems",EC.2.6,Continuous-time Signals,EC.2.6.2,Fourier transform,yes,,Fourier transform of Gaussian,EC2023.pdf
2023-29,2023,,EC,29,1,MCQ,EC.2,"Networks, Signals and Systems",EC.2.6,Continuous-time Signals,,,yes,,Match signal type to spectral property,EC2023.pdf
2023-30,2023,,EC,30,1,MSQ,EC.7,Communications,EC.7.1,Random Processes,EC.7.1.2,Power spectral density,yes,,Valid power spectral densities,EC2023.pdf
2023-31,2023,,EC,31,1,NAT,EC.5,Digital Circuits,EC.5.4,Data Converters,EC.5.4.2,ADCs,yes,,ADC resolution from SNR,EC2023.pdf
2023-32,2023,,EC,32,1,NAT,EC.2,"Networks, Signals and Systems",EC.2.1,Circuit Analysis,EC.2.1.1,Node and mesh analysis,yes,,Current through resistor,EC2023.pdf
2023-33,2023,,EC,33,1,NAT,EC.2,"Networks, Signals and Systems",EC.2.4,Two-Port Networks and Transformations,EC.2.4.1,Linear 2-port network parameters,yes,,Max power load for Y-parameter network,EC2023.pdf
2023-34,2023,,EC,34,1,NAT,EC.5,Digital Circuits,EC.5.3,Sequential Circuits,EC.5.3.7,Critical path delay,yes,,Critical path delay of NAND circuit,EC2023.pdf
2023-35,2023,,EC,35,1,NAT,EC.2,"Networks, Signals and Systems",EC.2.3,Time and Frequency Domain Analysis of Linear Circuits,EC.2.3.1,RL circuits,yes,,Maximum voltage after switching RL circuit,EC2023.pdf
2023-36,2023,,EC,36,2,MCQ,EC.1,Engineering Mathematics,EC.1.6,Probability and Statistics,EC.1.6.7,Normal distribution,yes,,PDF of transformed Gaussian,EC2023.pdf
2023-37,2023,,EC,37,2,MCQ,EC.1,Engineering Mathematics,EC.1.2,Calculus,EC.1.2.7,"Line, surface and volume integrals",yes,,Line integral along straight line,EC2023.pdf
2023-38,2023,,EC,38,2,MCQ,EC.1,Engineering Mathematics,EC.1.1,Linear Algebra,EC.1.1.4,Matrix algebra,yes,,Trace of outer product,EC2023.pdf
2023-39,2023,,EC,39,2,MCQ,EC.4,Analog Circuits,EC.4.3,Op-amp Circuits,EC.4.3.1,Amplifiers,yes,,Op-amp instrumentation circuit gain,EC2023.pdf
2023-40,2023,,EC,40,2,MCQ,EC.4,Analog Circuits,EC.4.1,Diode Circuits,EC.4.1.1,Clipping,yes,,Diode transfer characteristic,EC2023.pdf
2023-41,2023,,EC,41,2,MCQ,EC.6,Control Systems,EC.6.2,Time-Domain Analysis,EC.6.2.2,Steady-state analysis of LTI systems,yes,,Ramp steady-state error,EC2023.pdf
2023-42,2023,,EC,42,2,MCQ,EC.6,Control Systems,EC.6.1,System Modelling,EC.6.1.4,Block diagram representation,yes,,Two-input block diagram transfer functions,EC2023.pdf
2023-43,2023,,EC,43,2,MCQ,EC.6,Control Systems,EC.6.6,State-Space Analysis,EC.6.6.2,Solution of state equation of LTI systems,yes,,State solution via eigenvectors,EC2023.pdf
2023-44,2023,,EC,44,2,MCQ,EC.2,"Networks, Signals and Systems",EC.2.3,Time and Frequency Domain Analysis of Linear Circuits,,,yes,,Capacitor current at t=0+,EC2023.pdf
2023-45,2023,,EC,45,2,MCQ,EC.7,Communications,EC.7.2,Analog Communications,EC.7.2.2,Angle modulation and demodulation,yes,,FM through square-law device: min carrier,EC2023.pdf
2023-46,2023,,EC,46,2,MCQ,EC.2,"Networks, Signals and Systems",EC.2.4,Two-Port Networks and Transformations,EC.2.4.1,Linear 2-port network parameters,yes,,h-parameters for maximum voltage gain,EC2023.pdf
2023-47,2023,,EC,47,2,MCQ,EC.2,"Networks, Signals and Systems",EC.2.7,Discrete-time Signals,,,yes,,DTFS sum evaluation,EC2023.pdf
2023-48,2023,,EC,48,2,MCQ,EC.2,"Networks, Signals and Systems",EC.2.7,Discrete-time Signals,EC.2.7.1,DTFT,yes,,Output via DTFT product,EC2023.pdf
2023-49,2023,,EC,49,2,MCQ,EC.2,"Networks, Signals and Systems",EC.2.5,LTI Systems,EC.2.5.7,Frequency response,yes,,LTI output for single-tone input,EC2023.pdf
2023-50,2023,,EC,50,2,MCQ,EC.2,"Networks, Signals and Systems",EC.2.6,Continuous-time Signals,EC.2.6.3,Nyquist sampling theorem,yes,,Nyquist rate after modulation and multiplication,EC2023.pdf
2023-51,2023,,EC,51,2,MCQ,EC.8,Electromagnetics,EC.8.3,Transmission Lines,EC.8.3.5,S-parameters,yes,,S-parameters with added line sections,EC2023.pdf
2023-52,2023,,EC,52,2,MCQ,EC.8,Electromagnetics,EC.8.3,Transmission Lines,EC.8.3.3,Impedance matching,yes,,Load from standing-wave measurements,EC2023.pdf
2023-53,2023,,EC,53,2,MSQ,EC.8,Electromagnetics,EC.8.2,Plane Waves and Properties,EC.8.2.2,Polarization,yes,,Left-hand elliptical polarization conditions,EC2023.pdf
2023-54,2023,,EC,54,2,MSQ,EC.8,Electromagnetics,EC.8.3,Transmission Lines,EC.8.3.1,Transmission line equations,yes,,Lumped model of line section,EC2023.pdf
2023-55,2023,,EC,55,2,NAT,EC.1,Engineering Mathematics,EC.1.2,Calculus,EC.1.2.6,Multiple integrals,yes,,Double integral over region,EC2023.pdf
2023-56,2023,,EC,56,2,NAT,EC.3,Electronic Devices,EC.3.2,Carrier Transport,EC.3.2.3,Mobility and resistivity,yes,,Mobility ratio for equal drift currents,EC2023.pdf
2023-57,2023,,EC,57,2,NAT,EC.6,Control Systems,EC.6.4,Frequency Response and Root Locus,EC.6.4.2,Bode plots,yes,,Transfer function orders from Bode plot,EC2023.pdf
2023-58,2023,,EC,58,2,NAT,EC.2,"Networks, Signals and Systems",EC.2.5,LTI Systems,EC.2.5.5,Convolution,yes,,Area of convolution,EC2023.pdf
2023-59,2023,,EC,59,2,NAT,EC.7,Communications,EC.7.1,Random Processes,EC.7.1.4,Filtering of random signals through LTI systems,yes,,Output power of filtered white noise,EC2023.pdf
2023-60,2023,,EC,60,2,NAT,EC.8,Electromagnetics,EC.8.2,Plane Waves and Properties,EC.8.2.1,Reflection and refraction,yes,,Anti-reflection coating thickness,EC2023.pdf
2023-61,2023,,EC,61,2,NAT,EC.3,Electronic Devices,EC.3.1,Energy Bands and Carrier Concentration,EC.3.1.3,Equilibrium carrier concentration,yes,,Hole concentration at 400 K,EC2023.pdf
2023-62,2023,,EC,62,2,NAT,EC.5,Digital Circuits,EC.5.4,Data Converters,EC.5.4.1,Sample and hold circuits,yes,,Sample-and-hold acquisition time,EC2023.pdf
2023-63,2023,,EC,63,2,NAT,EC.5,Digital Circuits,EC.5.3,Sequential Circuits,EC.5.3.2,Counters,yes,,Frequency of Q2 in flip-flop circuit,EC2023.pdf
2023-64,2023,,EC,64,2,NAT,EC.4,Analog Circuits,EC.4.2,BJT and MOSFET Amplifiers,EC.4.2.5,Current mirrors,yes,,Current mirror: load voltage,EC2023.pdf
2023-65,2023,,EC,65,2,NAT,EC.7,Communications,EC.7.3,Information Theory,EC.7.3.2,Source coding,yes,,Average number of yes/no questions (Huffman),EC2023.pdf
2024-1,2024,,GA,1,1,MCQ,GA.1,Verbal Aptitude,GA.1.2,Vocabulary,,,yes,,Word analogy by intensity,EC2024.pdf
2024-2,2024,,GA,2,1,MCQ,GA.3,Analytical Aptitude,GA.3.1,Logical Reasoning,,,yes,,Room allocation with sibling constraint,EC2024.pdf
2024-3,2024,,GA,3,1,MCQ,GA.2,Quantitative Aptitude,GA.2.2,Arithmetic and Algebra,,,yes,,Age ratio problem,EC2024.pdf
2024-4,2024,,GA,4,1,MCQ,GA.2,Quantitative Aptitude,GA.2.2,Arithmetic and Algebra,,,yes,,Logarithm equation,EC2024.pdf
2024-5,2024,,GA,5,1,NAT,GA.2,Quantitative Aptitude,GA.2.2,Arithmetic and Algebra,,,yes,,Greatest prime factor of 3^199 - 3^196,EC2024.pdf
2024-6,2024,,GA,6,2,MCQ,GA.1,Verbal Aptitude,GA.1.4,Sentence and Paragraph Ordering,,,yes,,Sequence sentences into passage,EC2024.pdf
2024-7,2024,,GA,7,2,MCQ,GA.2,Quantitative Aptitude,GA.2.3,Geometry and Mensuration,,,yes,,Duct tape around four cylinders,EC2024.pdf
2024-8,2024,,GA,8,2,MCQ,GA.2,Quantitative Aptitude,GA.2.1,Data Interpretation,,,yes,,BMI bar chart: incorrect statement,EC2024.pdf
2024-9,2024,,GA,9,2,MCQ,GA.4,Spatial Aptitude,GA.4.1,Spatial Reasoning,,,yes,,Mirror and water reflection,EC2024.pdf
2024-10,2024,,GA,10,2,NAT,GA.4,Spatial Aptitude,GA.4.1,Spatial Reasoning,,,yes,,Folding sheets: resulting dimensions,EC2024.pdf
2024-11,2024,,EC,11,1,MCQ,EC.1,Engineering Mathematics,EC.1.3,Differential Equations,EC.1.3.5,Complementary function and particular integral,yes,,ODE from complementary function,EC2024.pdf
2024-12,2024,,EC,12,1,MCQ,EC.6,Control Systems,EC.6.4,Frequency Response and Root Locus,EC.6.4.2,Bode plots,yes,,dB/decade to dB/octave,EC2024.pdf
2024-13,2024,,EC,13,1,MCQ,EC.6,Control Systems,EC.6.2,Time-Domain Analysis,EC.6.2.2,Steady-state analysis of LTI systems,yes,,Steady-state error for step input,EC2024.pdf
2024-14,2024,,EC,14,1,MCQ,EC.7,Communications,EC.7.4,Digital Communications,EC.7.4.5,Inter-symbol interference,yes,,Nyquist ISI-free pulse condition,EC2024.pdf
2024-15,2024,,EC,15,1,MCQ,EC.8,Electromagnetics,EC.8.3,Transmission Lines,EC.8.3.4,Impedance transformation,yes,,Input impedance of shorted line at points,EC2024.pdf
2024-16,2024,,EC,16,1,MCQ,EC.1,Engineering Mathematics,EC.1.4,Vector Analysis,EC.1.4.3,"Gradient, divergence and curl",yes,,Curl/divergence of vector fields,EC2024.pdf
2024-17,2024,,EC,17,1,MCQ,EC.4,Analog Circuits,EC.4.2,BJT and MOSFET Amplifiers,EC.4.2.3,Small signal analysis,yes,,Input impedance of MOS stage,EC2024.pdf
2024-18,2024,,EC,18,1,MCQ,EC.4,Analog Circuits,EC.4.2,BJT and MOSFET Amplifiers,EC.4.2.6,Differential amplifiers,yes,,Closed-loop gain of differential amplifier,EC2024.pdf
2024-19,2024,,EC,19,1,MCQ,EC.5,Digital Circuits,EC.5.2,Combinational Circuits,EC.5.2.3,Karnaugh map minimization,yes,,Essential prime implicants,EC2024.pdf
2024-20,2024,,EC,20,1,MCQ,EC.7,Communications,EC.7.1,Random Processes,EC.7.1.4,Filtering of random signals through LTI systems,yes,,Variance of RC-filtered white noise,EC2024.pdf
2024-21,2024,,EC,21,1,MCQ,EC.2,"Networks, Signals and Systems",EC.2.5,LTI Systems,EC.2.5.5,Convolution,yes,,Time scaling of input and impulse response,EC2024.pdf
2024-22,2024,,EC,22,1,MCQ,EC.3,Electronic Devices,EC.3.1,Energy Bands and Carrier Concentration,EC.3.1.3,Equilibrium carrier concentration,yes,,Electron concentration vs temperature,EC2024.pdf
2024-23,2024,,EC,23,1,MCQ,EC.4,Analog Circuits,EC.4.1,Diode Circuits,EC.4.1.3,Rectifiers,yes,,Transformer rectifier: turns ratio,EC2024.pdf
2024-24,2024,,EC,24,1,MSQ,EC.2,"Networks, Signals and Systems",EC.2.7,Discrete-time Signals,EC.2.7.3,z-transform,yes,,Discrete system stability and phase,EC2024.pdf
2024-25,2024,,EC,25,1,MSQ,EC.1,Engineering Mathematics,EC.1.4,Vector Analysis,EC.1.4.4,"Gauss's, Green's and Stokes' theorems",yes,,Continuity equation via divergence theorem,EC2024.pdf
2024-26,2024,,EC,26,1,MSQ,EC.3,Electronic Devices,EC.3.2,Carrier Transport,EC.3.2.1,Diffusion current,yes,,Diffusion and drift in non-uniform doping,EC2024.pdf
2024-27,2024,,EC,27,1,NAT,EC.5,Digital Circuits,EC.5.6,Computer Organization,EC.5.6.1,Machine instructions and addressing modes,yes,,Instruction format field widths,EC2024.pdf
2024-28,2024,,EC,28,1,NAT,EC.7,Communications,EC.7.2,Analog Communications,EC.7.2.1,Amplitude modulation and demodulation,yes,,AM sideband amplitude from power ratio,EC2024.pdf
2024-29,2024,,EC,29,1,NAT,EC.5,Digital Circuits,EC.5.1,Number Representations,EC.5.1.1,Binary numbers,yes,,Base of number system from equation,EC2024.pdf
2024-30,2024,,EC,30,1,NAT,EC.1,Engineering Mathematics,EC.1.1,Linear Algebra,EC.1.1.2,Basis,yes,,α for vectors not forming a basis,EC2024.pdf
2024-31,2024,,EC,31,1,NAT,EC.2,"Networks, Signals and Systems",EC.2.1,Circuit Analysis,EC.2.1.1,Node and mesh analysis,yes,,Current with dependent source,EC2024.pdf
2024-32,2024,,EC,32,1,NAT,EC.2,"Networks, Signals and Systems",EC.2.3,Time and Frequency Domain Analysis of Linear Circuits,EC.2.3.1,RL circuits,yes,,Time constant of RL circuit,EC2024.pdf
2024-33,2024,,EC,33,1,NAT,EC.1,Engineering Mathematics,EC.1.6,Probability and Statistics,EC.1.6.8,Joint and conditional probability,yes,,P(X > Y) for iid uniforms,EC2024.pdf
2024-34,2024,,EC,34,1,NAT,EC.7,Communications,EC.7.3,Information Theory,EC.7.3.1,Entropy,yes,,Maximum entropy of 16-symbol source,EC2024.pdf
2024-35,2024,,EC,35,1,NAT,EC.4,Analog Circuits,EC.4.1,Diode Circuits,,,yes,,Energy dissipated in Zener diode,EC2024.pdf
2024-36,2024,,EC,36,2,MCQ,EC.1,Engineering Mathematics,EC.1.2,Calculus,EC.1.2.6,Multiple integrals,yes,,Surface area of spherical cap,EC2024.pdf
2024-37,2024,,EC,37,2,MCQ,EC.6,Control Systems,EC.6.3,Stability Analysis,EC.6.3.1,Routh-Hurwitz criterion,yes,,K for faster-decaying impulse response,EC2024.pdf
2024-38,2024,,EC,38,2,MCQ,EC.6,Control Systems,EC.6.5,Compensators and Controllers,EC.6.5.1,Compensators,yes,,Compensator parameters for satellite control,EC2024.pdf
2024-39,2024,,EC,39,2,MCQ,EC.8,Electromagnetics,EC.8.2,Plane Waves and Properties,EC.8.2.1,Reflection and refraction,yes,,Oblique incidence on dielectric,EC2024.pdf
2024-40,2024,,EC,40,2,MCQ,EC.5,Digital Circuits,EC.5.2,Combinational Circuits,EC.5.2.8,Decoders,yes,,Priority encoder output expression,EC2024.pdf
2024-41,2024,,EC,41,2,MCQ,EC.5,Digital Circuits,EC.5.3,Sequential Circuits,EC.5.3.5,Propagation delay,yes,,MUX with feedback: oscillation,EC2024.pdf
2024-42,2024,,EC,42,2,MCQ,EC.5,Digital Circuits,EC.5.3,Sequential Circuits,EC.5.3.2,Counters,yes,,State sequence of T flip-flop circuit,EC2024.pdf
2024-43,2024,,EC,43,2,MCQ,EC.1,Engineering Mathematics,EC.1.5,Complex Analysis,EC.1.5.6,Residue theorem,yes,,Contour integral with double pole,EC2024.pdf
2024-44,2024,,EC,44,2,MCQ,EC.2,"Networks, Signals and Systems",EC.2.6,Continuous-time Signals,EC.2.6.2,Fourier transform,yes,,"Fourier transform of scaled, shifted signal",EC2024.pdf
2024-45,2024,,EC,45,2,MCQ,EC.7,Communications,EC.7.4,Digital Communications,EC.7.4.8,SNR and BER,yes,,Symbol error probability for 3-level PAM,EC2024.pdf
2024-46,2024,,EC,46,2,MCQ,EC.5,Digital Circuits,EC.5.4,Data Converters,EC.5.4.2,ADCs,yes,,Effective number of bits of ADC,EC2024.pdf
2024-47,2024,,EC,47,2,MCQ,EC.7,Communications,EC.7.4,Digital Communications,EC.7.4.11,CRC,yes,,CRC-4 encoding,EC2024.pdf
2024-48,2024,,EC,48,2,MCQ,EC.2,"Networks, Signals and Systems",EC.2.6,Continuous-time Signals,EC.2.6.4,Sampling and reconstruction,yes,,Sampled signal through bandpass filter,EC2024.pdf
2024-49,2024,,EC,49,2,MCQ,EC.4,Analog Circuits,EC.4.3,Op-amp Circuits,EC.4.3.4,Integrators,yes,,Op-amp integrator/comparator with triangular input,EC2024.pdf
2024-50,2024,,EC,50,2,MCQ,EC.4,Analog Circuits,EC.4.3,Op-amp Circuits,EC.4.3.7,Oscillators,yes,,RC phase-shift oscillator condition,EC2024.pdf
2024-51,2024,,EC,51,2,MCQ,EC.4,Analog Circuits,EC.4.2,BJT and MOSFET Amplifiers,EC.4.2.3,Small signal analysis,yes,,Gain of MOS amplifier with degeneration,EC2024.pdf
2024-52,2024,,EC,52,2,MSQ,EC.3,Electronic Devices,EC.3.3,Semiconductor Devices,EC.3.3.3,BJT,yes,,BJT current gain statements,EC2024.pdf
2024-53,2024,,EC,53,2,MCQ,EC.6,Control Systems,EC.6.6,State-Space Analysis,EC.6.6.1,State variable model,yes,,Equivalent state-space realisations,EC2024.pdf
2024-54,2024,,EC,54,2,MSQ,EC.1,Engineering Mathematics,EC.1.4,Vector Analysis,EC.1.4.3,"Gradient, divergence and curl",yes,,Conservative field conditions,EC2024.pdf
2024-55,2024,,EC,55,2,MSQ,EC.1,Engineering Mathematics,EC.1.1,Linear Algebra,EC.1.1.5,Eigenvalues and eigenvectors,yes,,Eigenvectors of 2x2 matrix,EC2024.pdf
2024-56,2024,,EC,56,2,MSQ,EC.2,"Networks, Signals and Systems",EC.2.7,Discrete-time Signals,,,yes,,Frequencies with period 40,EC2024.pdf
2024-57,2024,,EC,57,2,NAT,EC.7,Communications,EC.7.4,Digital Communications,EC.7.4.1,PCM,yes,,Quantizer SQNR for random process,EC2024.pdf
2024-58,2024,,EC,58,2,NAT,EC.8,Electromagnetics,EC.8.3,Transmission Lines,EC.8.3.4,Impedance transformation,yes,,Max input impedance from reflection coefficient,EC2024.pdf
2024-59,2024,,EC,59,2,NAT,EC.2,"Networks, Signals and Systems",EC.2.7,Discrete-time Signals,EC.2.7.2,DFT,yes,,Fourfold DFT of sequence,EC2024.pdf
2024-60,2024,,EC,60,2,NAT,EC.2,"Networks, Signals and Systems",EC.2.4,Two-Port Networks and Transformations,EC.2.4.1,Linear 2-port network parameters,yes,,Y21 with dependent source,EC2024.pdf
2024-61,2024,,EC,61,2,NAT,EC.3,Electronic Devices,EC.3.3,Semiconductor Devices,EC.3.3.4,MOS capacitor,yes,,MOS capacitor flat-band voltage,EC2024.pdf
2024-62,2024,,EC,62,2,NAT,EC.2,"Networks, Signals and Systems",EC.2.2,Sinusoidal Steady State Analysis,EC.2.2.3,Maximum power transfer,yes,,Max power with dependent source,EC2024.pdf
2024-63,2024,,EC,63,2,NAT,EC.3,Electronic Devices,EC.3.1,Energy Bands and Carrier Concentration,EC.3.1.3,Equilibrium carrier concentration,yes,,Donor level from ionisation fraction,EC2024.pdf
2024-64,2024,,EC,64,2,NAT,EC.3,Electronic Devices,EC.3.3,Semiconductor Devices,EC.3.3.5,MOSFET,yes,,MOSFET transconductance at new bias,EC2024.pdf
2024-65,2024,,EC,65,2,NAT,EC.3,Electronic Devices,EC.3.3,Semiconductor Devices,EC.3.3.9,Solar cell,yes,,Solar cell saturation current,EC2024.pdf
2025-1,2025,,GA,1,1,MCQ,GA.1,Verbal Aptitude,GA.1.2,Vocabulary,,,yes,,Word intensity analogy,EC2025.pdf
2025-2,2025,,GA,2,1,MCQ,GA.1,Verbal Aptitude,GA.1.1,Grammar and Usage,,,yes,,Conditional sentence completion,EC2025.pdf
2025-3,2025,,GA,3,1,MCQ,GA.2,Quantitative Aptitude,GA.2.2,Arithmetic and Algebra,,,yes,,Frequency ratio of musical notes,EC2025.pdf
2025-4,2025,,GA,4,1,MCQ,GA.3,Analytical Aptitude,GA.3.3,Series and Coding,,,yes,,Curve length after n iterations,EC2025.pdf
2025-5,2025,,GA,5,1,NAT,GA.2,Quantitative Aptitude,GA.2.3,Geometry and Mensuration,,,yes,,Plot of -|x|/x,EC2025.pdf
2025-6,2025,,GA,6,2,MCQ,GA.1,Verbal Aptitude,GA.1.4,Sentence and Paragraph Ordering,,,yes,,Sequence sentences into paragraph,EC2025.pdf
2025-7,2025,,GA,7,2,MCQ,GA.2,Quantitative Aptitude,GA.2.3,Geometry and Mensuration,,,yes,,Condition for triangle from broken stick,EC2025.pdf
2025-8,2025,,GA,8,2,MCQ,GA.3,Analytical Aptitude,GA.3.1,Logical Reasoning,,,yes,,Musical chairs positions,EC2025.pdf
2025-9,2025,,GA,9,2,MCQ,GA.2,Quantitative Aptitude,GA.2.1,Data Interpretation,,,yes,,Medal table: incorrect statement,EC2025.pdf
2025-10,2025,,GA,10,2,NAT,GA.2,Quantitative Aptitude,GA.2.2,Arithmetic and Algebra,,,yes,,Consultancy overhead calculation,EC2025.pdf
2025-11,2025,,EC,11,1,MCQ,EC.1,Engineering Mathematics,EC.1.1,Linear Algebra,EC.1.1.6,Rank,yes,,Rank conditions of 4x4 matrix,EC2025.pdf
2025-12,2025,,EC,12,1,MCQ,EC.1,Engineering Mathematics,EC.1.5,Complex Analysis,EC.1.5.4,"Sequences, series and convergence tests",yes,,Convergence of three series,EC2025.pdf
2025-13,2025,,EC,13,1,MCQ,EC.1,Engineering Mathematics,EC.1.6,Probability and Statistics,EC.1.6.2,Combinatorial probability,yes,,Drawing balls of different colours,EC2025.pdf
2025-14,2025,,EC,14,1,MCQ,EC.7,Communications,EC.7.2,Analog Communications,EC.7.2.2,Angle modulation and demodulation,yes,,Peak frequency deviation of FM,EC2025.pdf
2025-15,2025,,EC,15,1,MCQ,EC.7,Communications,EC.7.3,Information Theory,EC.7.3.4,Channel capacity theorem,yes,,AWGN capacity vs bandwidth plot,EC2025.pdf
2025-16,2025,,EC,16,1,MCQ,EC.6,Control Systems,EC.6.4,Frequency Response and Root Locus,EC.6.4.1,Frequency response,yes,,Gain/phase crossover from Nyquist plot,EC2025.pdf
2025-17,2025,,EC,17,1,MCQ,EC.2,"Networks, Signals and Systems",EC.2.5,LTI Systems,EC.2.5.1,Definition and properties,yes,,Properties of interconnected discrete system,EC2025.pdf
2025-18,2025,,EC,18,1,MCQ,EC.2,"Networks, Signals and Systems",EC.2.6,Continuous-time Signals,EC.2.6.2,Fourier transform,yes,,Bound on Fourier transform magnitude,EC2025.pdf
2025-19,2025,,EC,19,1,MCQ,EC.2,"Networks, Signals and Systems",EC.2.1,Circuit Analysis,EC.2.1.1,Node and mesh analysis,yes,,Node voltage using KCL,EC2025.pdf
2025-20,2025,,EC,20,1,MCQ,EC.2,"Networks, Signals and Systems",EC.2.2,Sinusoidal Steady State Analysis,EC.2.2.1,Phasors,yes,,Branch currents from admittances,EC2025.pdf
2025-21,2025,,EC,21,1,MCQ,EC.4,Analog Circuits,EC.4.2,BJT and MOSFET Amplifiers,EC.4.2.3,Small signal analysis,yes,,BJT small-signal voltage gain,EC2025.pdf
2025-22,2025,,EC,22,1,MCQ,EC.4,Analog Circuits,EC.4.2,BJT and MOSFET Amplifiers,EC.4.2.1,Biasing,yes,,BJT bias: VCE,EC2025.pdf
2025-23,2025,,EC,23,1,MCQ,EC.5,Digital Circuits,EC.5.2,Combinational Circuits,EC.5.2.1,Boolean algebra,yes,,Majority gate Boolean expression,EC2025.pdf
2025-24,2025,,EC,24,1,MCQ,EC.5,Digital Circuits,EC.5.2,Combinational Circuits,EC.5.2.5,Arithmetic circuits,yes,,Full adder with XOR: function,EC2025.pdf
2025-25,2025,,EC,25,1,MSQ,EC.1,Engineering Mathematics,EC.1.2,Calculus,EC.1.2.5,Maxima and minima,yes,,Global/local extrema of cubic,EC2025.pdf
2025-26,2025,,EC,26,1,MSQ,EC.6,Control Systems,EC.6.4,Frequency Response and Root Locus,EC.6.4.3,Root-locus plots,yes,,K for pole at given location,EC2025.pdf
2025-27,2025,,EC,27,1,MSQ,EC.2,"Networks, Signals and Systems",EC.2.7,Discrete-time Signals,EC.2.7.3,z-transform,yes,,z-transform/ROC statements,EC2025.pdf
2025-28,2025,,EC,28,1,MSQ,EC.7,Communications,EC.7.2,Analog Communications,EC.7.2.1,Amplitude modulation and demodulation,yes,,DSB-SC vs AM comparisons,EC2025.pdf
2025-29,2025,,EC,29,1,MSQ,EC.4,Analog Circuits,EC.4.3,Op-amp Circuits,,,yes,,Ideal op-amp properties,EC2025.pdf
2025-30,2025,,EC,30,1,MSQ,EC.4,Analog Circuits,EC.4.2,BJT and MOSFET Amplifiers,,,yes,,MOSFET amplifier configurations: input/output resistance,EC2025.pdf
2025-31,2025,,EC,31,1,MSQ,EC.3,Electronic Devices,EC.3.1,Energy Bands and Carrier Concentration,EC.3.1.2,Energy bands in intrinsic and extrinsic semiconductors,yes,,n-type dopants for silicon,EC2025.pdf
2025-32,2025,,EC,32,1,NAT,EC.1,Engineering Mathematics,EC.1.3,Differential Equations,EC.1.3.2,Euler-Cauchy equation,yes,,Euler-Cauchy equation: maximum value,EC2025.pdf
2025-33,2025,,EC,33,1,NAT,EC.7,Communications,EC.7.4,Digital Communications,EC.7.4.9,Fundamentals of error correction,yes,,Minimum Hamming distance of block code,EC2025.pdf
2025-34,2025,,EC,34,1,NAT,EC.4,Analog Circuits,EC.4.3,Op-amp Circuits,EC.4.3.5,Active filters,yes,,Band-pass filter upper cutoff,EC2025.pdf
2025-35,2025,,EC,35,1,NAT,EC.5,Digital Circuits,EC.5.4,Data Converters,EC.5.4.3,DACs,yes,,Weighted-resistor DAC output change,EC2025.pdf
2025-36,2025,,EC,36,2,MCQ,EC.6,Control Systems,EC.6.5,Compensators and Controllers,EC.6.5.2,PID controller,yes,,"Controller existence statements (I, PD)",EC2025.pdf
2025-37,2025,,EC,37,2,MCQ,EC.6,Control Systems,EC.6.3,Stability Analysis,EC.6.3.1,Routh-Hurwitz criterion,yes,,Root distribution of polynomial (Routh),EC2025.pdf
2025-38,2025,,EC,38,2,MCQ,EC.2,"Networks, Signals and Systems",EC.2.6,Continuous-time Signals,EC.2.6.4,Sampling and reconstruction,yes,,Sampling with offset: reconstruction,EC2025.pdf
2025-39,2025,,EC,39,2,MCQ,EC.2,"Networks, Signals and Systems",EC.2.2,Sinusoidal Steady State Analysis,EC.2.2.1,Phasors,yes,,Capacitor value for given meter readings,EC2025.pdf
2025-40,2025,,EC,40,2,MCQ,EC.2,"Networks, Signals and Systems",EC.2.4,Two-Port Networks and Transformations,EC.2.4.1,Linear 2-port network parameters,yes,,Z-parameters of network,EC2025.pdf
2025-41,2025,,EC,41,2,MCQ,EC.7,Communications,EC.7.4,Digital Communications,EC.7.4.6,MAP and ML detection,yes,,ML decoding error for 3-level signal,EC2025.pdf
2025-42,2025,,EC,42,2,MCQ,EC.7,Communications,EC.7.1,Random Processes,EC.7.1.1,Autocorrelation,yes,,Statements on random pulse process,EC2025.pdf
2025-43,2025,,EC,43,2,MCQ,EC.4,Analog Circuits,EC.4.2,BJT and MOSFET Amplifiers,EC.4.2.6,Differential amplifiers,yes,,Differential pair output,EC2025.pdf
2025-44,2025,,EC,44,2,MCQ,EC.5,Digital Circuits,EC.5.4,Data Converters,EC.5.4.2,ADCs,yes,,ADC SNR and data rate,EC2025.pdf
2025-45,2025,,EC,45,2,MCQ,EC.5,Digital Circuits,EC.5.3,Sequential Circuits,EC.5.3.1,Latches and flip-flops,yes,,Output sequence of sequential circuit,EC2025.pdf
2025-46,2025,,EC,46,2,MCQ,EC.3,Electronic Devices,EC.3.2,Carrier Transport,EC.3.2.3,Mobility and resistivity,yes,,Intrinsic resistivity,EC2025.pdf
2025-47,2025,,EC,47,2,MCQ,EC.4,Analog Circuits,EC.4.2,BJT and MOSFET Amplifiers,EC.4.2.5,Current mirrors,yes,,Current mirror with Zener: resistor values,EC2025.pdf
2025-48,2025,,EC,48,2,MCQ,EC.3,Electronic Devices,EC.3.2,Carrier Transport,EC.3.2.1,Diffusion current,yes,,Electron diffusivity (Einstein relation),EC2025.pdf
2025-49,2025,,EC,49,2,MCQ,EC.8,Electromagnetics,EC.8.1,Maxwell's Equations,,,no,Electrostatics,Total charge on sheet with varying density,EC2025.pdf
2025-50,2025,,EC,50,2,MCQ,EC.3,Electronic Devices,EC.3.2,Carrier Transport,EC.3.2.2,Drift current,yes,,Current in copper wire from field,EC2025.pdf
2025-51,2025,,EC,51,2,MSQ,EC.1,Engineering Mathematics,EC.1.2,Calculus,EC.1.2.2,Theorems of integral calculus,yes,,Bounds on definite integral,EC2025.pdf
2025-52,2025,,EC,52,2,MSQ,EC.1,Engineering Mathematics,EC.1.5,Complex Analysis,EC.1.5.2,Cauchy's integral theorem,yes,,Contour integrals on unit circle,EC2025.pdf
2025-53,2025,,EC,53,2,MSQ,EC.6,Control Systems,EC.6.6,State-Space Analysis,EC.6.6.1,State variable model,yes,,Controllability and observability,EC2025.pdf
2025-54,2025,,EC,54,2,MSQ,EC.7,Communications,EC.7.3,Information Theory,EC.7.3.1,Entropy,yes,,Entropy of ternary RV vs α,EC2025.pdf
2025-55,2025,,EC,55,2,MSQ,EC.2,"Networks, Signals and Systems",EC.2.6,Continuous-time Signals,EC.2.6.1,Fourier series,yes,,Fourier series of time-scaled signal,EC2025.pdf
2025-56,2025,,EC,56,2,MSQ,EC.6,Control Systems,EC.6.1,System Modelling,EC.6.1.5,Signal flow graph,yes,,Signal flow graphs of block diagram,EC2025.pdf
2025-57,2025,,EC,57,2,MSQ,EC.4,Analog Circuits,EC.4.1,Diode Circuits,EC.4.1.1,Clipping,yes,,Diode clipper transfer characteristics,EC2025.pdf
2025-58,2025,,EC,58,2,NAT,EC.1,Engineering Mathematics,EC.1.6,Probability and Statistics,EC.1.6.1,"Mean, median, mode, standard deviation",yes,,Expected sum of two dice,EC2025.pdf
2025-59,2025,,EC,59,2,NAT,EC.1,Engineering Mathematics,EC.1.1,Linear Algebra,EC.1.1.1,Vector space,yes,,Least-squares projection distance,EC2025.pdf
2025-60,2025,,EC,60,2,NAT,EC.7,Communications,EC.7.3,Information Theory,EC.7.3.3,Mutual information,yes,,Mutual information from joint pmf,EC2025.pdf
2025-61,2025,,EC,61,2,NAT,EC.4,Analog Circuits,EC.4.1,Diode Circuits,,,yes,,Diode conduction duration,EC2025.pdf
2025-62,2025,,EC,62,2,NAT,EC.5,Digital Circuits,EC.5.3,Sequential Circuits,EC.5.3.6,Setup and hold time,yes,,Maximum clock frequency with setup time,EC2025.pdf
2025-63,2025,,EC,63,2,NAT,EC.3,Electronic Devices,EC.3.3,Semiconductor Devices,EC.3.3.1,P-N junction,yes,,Forward voltage for given current,EC2025.pdf
2025-64,2025,,EC,64,2,NAT,EC.8,Electromagnetics,EC.8.3,Transmission Lines,EC.8.3.3,Impedance matching,yes,,Power delivered to mismatched load,EC2025.pdf
2025-65,2025,,EC,65,2,NAT,EC.8,Electromagnetics,EC.8.1,Maxwell's Equations,EC.8.1.1,Differential and integral forms and their interpretation,yes,,Induced EMF in loop (Faraday's law),EC2025.pdf
2026-1,2026,,GA,1,1,MCQ,GA.1,Verbal Aptitude,GA.1.2,Vocabulary,,,yes,,Antonym of 'nocturnal',EC.pdf
2026-2,2026,,GA,2,1,MCQ,GA.3,Analytical Aptitude,GA.3.1,Logical Reasoning,,,yes,,Inference from score statements,EC.pdf
2026-3,2026,,GA,3,1,MCQ,GA.4,Spatial Aptitude,GA.4.1,Spatial Reasoning,,,yes,,Missing portion of figure,EC.pdf
2026-4,2026,,GA,4,1,MCQ,GA.2,Quantitative Aptitude,GA.2.2,Arithmetic and Algebra,,,yes,,Logarithms with fractional bases,EC.pdf
2026-5,2026,,GA,5,1,NAT,GA.3,Analytical Aptitude,GA.3.1,Logical Reasoning,,,yes,,Negation of a quantified statement,EC.pdf
2026-6,2026,,GA,6,2,MCQ,GA.1,Verbal Aptitude,GA.1.2,Vocabulary,,,yes,,Word clues: common letter pattern,EC.pdf
2026-7,2026,,GA,7,2,MCQ,GA.3,Analytical Aptitude,GA.3.1,Logical Reasoning,,,yes,,Badminton pairing logic,EC.pdf
2026-8,2026,,GA,8,2,MCQ,GA.2,Quantitative Aptitude,GA.2.2,Arithmetic and Algebra,,,yes,,Sum of square perimeters,EC.pdf
2026-9,2026,,GA,9,2,MCQ,GA.2,Quantitative Aptitude,GA.2.3,Geometry and Mensuration,,,yes,,Areas of concentric rings (Atlantis),EC.pdf
2026-10,2026,,GA,10,2,NAT,GA.4,Spatial Aptitude,GA.4.1,Spatial Reasoning,,,yes,,Figure pattern analogy,EC.pdf
2026-11,2026,,EC,11,1,MCQ,EC.1,Engineering Mathematics,EC.1.3,Differential Equations,,,yes,,System of ODEs: matrix from solution,EC.pdf
2026-12,2026,,EC,12,1,MCQ,EC.1,Engineering Mathematics,EC.1.4,Vector Analysis,EC.1.4.3,"Gradient, divergence and curl",yes,,Unit normal to surface (gradient),EC.pdf
2026-13,2026,,EC,13,1,MCQ,EC.2,"Networks, Signals and Systems",EC.2.5,LTI Systems,,,yes,,Laplace transform of convolution,EC.pdf
2026-14,2026,,EC,14,1,MCQ,EC.3,Electronic Devices,EC.3.3,Semiconductor Devices,EC.3.3.2,Zener diode,yes,,Zener breakdown mechanism (tunnelling),EC.pdf
2026-15,2026,,EC,15,1,MCQ,EC.2,"Networks, Signals and Systems",EC.2.6,Continuous-time Signals,EC.2.6.4,Sampling and reconstruction,yes,,Aliasing of sampled sinusoids,EC.pdf
2026-16,2026,,EC,16,1,MCQ,EC.2,"Networks, Signals and Systems",EC.2.7,Discrete-time Signals,EC.2.7.3,z-transform,yes,,Stability/causality of difference equation response,EC.pdf
2026-17,2026,,EC,17,1,MCQ,EC.4,Analog Circuits,EC.4.3,Op-amp Circuits,EC.4.3.1,Amplifiers,yes,,Op-amp output with switch,EC.pdf
2026-18,2026,,EC,18,1,MCQ,EC.4,Analog Circuits,EC.4.2,BJT and MOSFET Amplifiers,EC.4.2.1,Biasing,yes,,BJT circuit current,EC.pdf
2026-19,2026,,EC,19,1,MCQ,EC.6,Control Systems,EC.6.1,System Modelling,EC.6.1.4,Block diagram representation,yes,,Transfer function from block diagram,EC.pdf
2026-20,2026,,EC,20,1,MCQ,EC.5,Digital Circuits,EC.5.2,Combinational Circuits,EC.5.2.4,Logic gates and static CMOS implementations,yes,,Logic function of MOS circuit,EC.pdf
2026-21,2026,,EC,21,1,MCQ,EC.8,Electromagnetics,EC.8.6,Antennas,,,yes,,Friis transmission equation,EC.pdf
2026-22,2026,,EC,22,1,MCQ,EC.7,Communications,EC.7.4,Digital Communications,EC.7.4.4,Bandwidth,yes,,Bandwidth of multilevel signal,EC.pdf
2026-23,2026,,EC,23,1,MCQ,EC.2,"Networks, Signals and Systems",EC.2.3,Time and Frequency Domain Analysis of Linear Circuits,EC.2.3.2,RC circuits,yes,,Equivalent circuit of governing equation,EC.pdf
2026-24,2026,,EC,24,1,MCQ,EC.8,Electromagnetics,EC.8.2,Plane Waves and Properties,EC.8.2.2,Polarization,yes,,Polarization of plane wave,EC.pdf
2026-25,2026,,EC,25,1,MSQ,EC.3,Electronic Devices,EC.3.3,Semiconductor Devices,EC.3.3.1,P-N junction,yes,,Quasi-Fermi level separation under bias,EC.pdf
2026-26,2026,,EC,26,1,MSQ,EC.1,Engineering Mathematics,EC.1.1,Linear Algebra,EC.1.1.4,Matrix algebra,yes,,Non-zero determinant conditions,EC.pdf
2026-27,2026,,EC,27,1,MSQ,EC.5,Digital Circuits,EC.5.3,Sequential Circuits,EC.5.3.2,Counters,yes,,Flip-flops for ripple counter,EC.pdf
2026-28,2026,,EC,28,1,MSQ,EC.8,Electromagnetics,EC.8.2,Plane Waves and Properties,EC.8.2.4,Propagation through various media,yes,,Dielectric loss tangent definition,EC.pdf
2026-29,2026,,EC,29,1,MSQ,EC.3,Electronic Devices,EC.3.3,Semiconductor Devices,EC.3.3.3,BJT,yes,,Early voltage from output characteristics,EC.pdf
2026-30,2026,,EC,30,1,NAT,EC.2,"Networks, Signals and Systems",EC.2.1,Circuit Analysis,EC.2.1.1,Node and mesh analysis,yes,,Output voltage of resistive network,EC.pdf
2026-31,2026,,EC,31,1,NAT,EC.2,"Networks, Signals and Systems",EC.2.3,Time and Frequency Domain Analysis of Linear Circuits,EC.2.3.3,RLC circuits,yes,,Power at resonance in RLC circuit,EC.pdf
2026-32,2026,,EC,32,1,NAT,EC.7,Communications,EC.7.4,Digital Communications,EC.7.4.4,Bandwidth,yes,,Minimum bandwidth for 16-QAM,EC.pdf
2026-33,2026,,EC,33,1,NAT,EC.8,Electromagnetics,EC.8.4,Waveguides,EC.8.4.1,Rectangular waveguides,yes,,TE10 cutoff frequency,EC.pdf
2026-34,2026,,EC,34,1,NAT,EC.8,Electromagnetics,EC.8.3,Transmission Lines,EC.8.3.5,S-parameters,yes,,Power dissipated from S-parameters,EC.pdf
2026-35,2026,,EC,35,1,NAT,EC.5,Digital Circuits,EC.5.3,Sequential Circuits,EC.5.3.1,Latches and flip-flops,yes,,JK toggle flip-flop output frequency,EC.pdf
2026-36,2026,,EC,36,2,MCQ,EC.1,Engineering Mathematics,EC.1.5,Complex Analysis,EC.1.5.4,"Sequences, series and convergence tests",yes,,Convergence of two series,EC.pdf
2026-37,2026,,EC,37,2,MCQ,EC.2,"Networks, Signals and Systems",EC.2.6,Continuous-time Signals,EC.2.6.1,Fourier series,yes,,Fourier series with half-wave symmetry,EC.pdf
2026-38,2026,,EC,38,2,MCQ,EC.1,Engineering Mathematics,EC.1.6,Probability and Statistics,EC.1.6.8,Joint and conditional probability,yes,,Correlation/independence of derived RVs,EC.pdf
2026-39,2026,,EC,39,2,MCQ,EC.2,"Networks, Signals and Systems",EC.2.2,Sinusoidal Steady State Analysis,EC.2.2.1,Phasors,yes,,Phasor diagram: RC × RL,EC.pdf
2026-40,2026,,EC,40,2,MCQ,EC.6,Control Systems,EC.6.5,Compensators and Controllers,EC.6.5.1,Compensators,yes,,Compensator parameters for specification,EC.pdf
2026-41,2026,,EC,41,2,MCQ,EC.6,Control Systems,EC.6.6,State-Space Analysis,EC.6.6.1,State variable model,yes,,Transfer function from state model,EC.pdf
2026-42,2026,,EC,42,2,MCQ,EC.5,Digital Circuits,EC.5.5,Semiconductor Memories,,,no,Memory interfacing,Last address of 256 KB memory,EC.pdf
2026-43,2026,,EC,43,2,MCQ,EC.2,"Networks, Signals and Systems",EC.2.6,Continuous-time Signals,,,yes,,"Energy ratio of scaled, shifted signal",EC.pdf
2026-44,2026,,EC,44,2,MCQ,EC.7,Communications,EC.7.4,Digital Communications,EC.7.4.8,SNR and BER,yes,,QPSK bit error probability,EC.pdf
2026-45,2026,,EC,45,2,MCQ,EC.5,Digital Circuits,EC.5.1,Number Representations,EC.5.1.2,Integer numbers,yes,,10's complement,EC.pdf
2026-46,2026,,EC,46,2,MCQ,EC.2,"Networks, Signals and Systems",EC.2.6,Continuous-time Signals,EC.2.6.2,Fourier transform,yes,,99% energy bandwidth of exponential,EC.pdf
2026-47,2026,,EC,47,2,MCQ,EC.2,"Networks, Signals and Systems",EC.2.5,LTI Systems,EC.2.5.1,Definition and properties,yes,,Properties of interconnected system,EC.pdf
2026-48,2026,,EC,48,2,MCQ,EC.5,Digital Circuits,EC.5.2,Combinational Circuits,EC.5.2.7,Multiplexers,yes,,Boolean function from 4:1 MUX,EC.pdf
2026-49,2026,,EC,49,2,MCQ,EC.5,Digital Circuits,EC.5.3,Sequential Circuits,EC.5.3.3,Shift registers,yes,,Shift register with XOR and D flip-flop,EC.pdf
2026-50,2026,,EC,50,2,MCQ,EC.4,Analog Circuits,EC.4.2,BJT and MOSFET Amplifiers,EC.4.2.4,Frequency response,yes,,BJT amplifier response to two tones,EC.pdf
2026-51,2026,,EC,51,2,MCQ,EC.2,"Networks, Signals and Systems",EC.2.4,Two-Port Networks and Transformations,EC.2.4.1,Linear 2-port network parameters,yes,,ABCD parameters of two-port,EC.pdf
2026-52,2026,,EC,52,2,MCQ,EC.8,Electromagnetics,EC.8.3,Transmission Lines,EC.8.3.6,Smith chart,yes,,Smith chart: diametrically opposite point,EC.pdf
2026-53,2026,,EC,53,2,MCQ,EC.4,Analog Circuits,EC.4.3,Op-amp Circuits,EC.4.3.1,Amplifiers,yes,,Op-amp circuit current,EC.pdf
2026-54,2026,,EC,54,2,MCQ,EC.3,Electronic Devices,EC.3.3,Semiconductor Devices,EC.3.3.7,LED,yes,,LED emission wavelength range,EC.pdf
2026-55,2026,,EC,55,2,MSQ,EC.7,Communications,EC.7.4,Digital Communications,EC.7.4.8,SNR and BER,yes,,Link SNR and noise statements,EC.pdf
2026-56,2026,,EC,56,2,MSQ,EC.5,Digital Circuits,EC.5.2,Combinational Circuits,EC.5.2.3,Karnaugh map minimization,yes,,Valid minimal forms of Boolean function,EC.pdf
2026-57,2026,,EC,57,2,MSQ,EC.7,Communications,EC.7.2,Analog Communications,,,yes,,Narrowband signal representation statements,EC.pdf
2026-58,2026,,EC,58,2,MSQ,EC.2,"Networks, Signals and Systems",EC.2.6,Continuous-time Signals,EC.2.6.1,Fourier series,yes,,Orthogonality of sinusoids,EC.pdf
2026-59,2026,,EC,59,2,NAT,EC.6,Control Systems,EC.6.3,Stability Analysis,EC.6.3.1,Routh-Hurwitz criterion,yes,,K for marginal stability,EC.pdf
2026-60,2026,,EC,60,2,NAT,EC.3,Electronic Devices,EC.3.3,Semiconductor Devices,EC.3.3.5,MOSFET,yes,,Gate voltage of diode-connected MOSFET,EC.pdf
2026-61,2026,,EC,61,2,NAT,EC.1,Engineering Mathematics,EC.1.2,Calculus,EC.1.2.6,Multiple integrals,yes,,Double integral over square region,EC.pdf
2026-62,2026,,EC,62,2,NAT,EC.4,Analog Circuits,EC.4.3,Op-amp Circuits,EC.4.3.1,Amplifiers,yes,,Op-amp closed-loop gain,EC.pdf
2026-63,2026,,EC,63,2,NAT,EC.7,Communications,EC.7.4,Digital Communications,EC.7.4.10,Hamming codes,yes,,Hamming decoder failure probability,EC.pdf
2026-64,2026,,EC,64,2,NAT,EC.3,Electronic Devices,EC.3.2,Carrier Transport,EC.3.2.1,Diffusion current,yes,,Diffusion current from linear profile,EC.pdf
2026-65,2026,,EC,65,2,NAT,EC.4,Analog Circuits,EC.4.1,Diode Circuits,EC.4.1.1,Clipping,yes,,Diode clipper maximum output,EC.pdf
